goal,num_qubits,solved,time,gate_count,t_count,t_depth,error,num_circuits,best_gate_count,best_t_count,total_time
cch,3,1,6.7272,34,9,7,6.876816e-16,1,34,9,10.1109
ccrz_2,3,0,10.1653,,,,,0,,,10.1653
cct,3,0,10.1194,,,,,0,,,10.1194
ccz,3,1,0.1277,28,7,4,3.115556e-16,101,13,7,1.3503
ciswap,3,1,0.1670,27,6,3,3.964289e-16,39,19,4,10.0854
csqrtiswap,3,0,10.1181,,,,,0,,,10.1181
csqrtswap,3,0,10.0850,,,,,0,,,10.0850
fredkin,3,1,0.2063,49,11,8,9.567923e-16,73,32,7,10.1345
maj,3,1,0.3053,36,7,4,7.555433e-16,40,17,7,10.0556
peres,3,1,0.1035,36,7,4,4.227603e-16,100,15,7,7.0028
qor,3,1,0.3048,35,7,4,7.555433e-16,101,20,7,6.8382
rccx,3,1,0.1671,18,6,3,3.964289e-16,100,9,4,7.3285
toffoli,3,1,0.1724,23,9,5,5.495324e-16,100,15,7,7.9509
toffoli_neg1,3,1,0.1860,34,7,6,1.197959e-15,94,15,7,10.0524
toffoli_neg2,3,1,0.1484,35,7,4,9.759468e-16,52,19,7,10.1002
tr,3,1,0.1752,27,7,4,4.227603e-16,102,16,7,6.8554
uma,3,1,0.3038,39,9,6,6.927783e-16,76,21,7,10.1159
