goal,time,t_count,gate_count,error,solved
0,0.2784,17,43,3.806316e-03,1
1,0.1937,14,35,8.304900e-03,1
2,0.2268,16,39,8.857666e-03,1
3,0.1784,11,28,5.323976e-03,1
4,0.2091,15,36,9.690690e-03,1
5,0.2418,16,40,5.075280e-03,1
6,0.4978,17,39,7.665496e-03,1
7,0.2057,15,39,8.010725e-03,1
8,0.2248,16,39,6.805417e-03,1
9,0.3687,10,27,5.856628e-03,1
10,0.2186,15,38,8.014895e-03,1
11,0.2061,15,37,2.619227e-03,1
12,0.6853,15,38,9.876395e-03,1
13,0.2390,16,36,7.713701e-03,1
14,0.7602,13,34,7.005355e-03,1
15,0.2526,15,37,1.576748e-03,1
16,0.2369,15,37,7.306604e-03,1
17,0.2016,13,30,6.439241e-03,1
18,0.1932,14,35,4.414136e-03,1
19,0.2266,16,38,7.182827e-03,1
20,0.2278,16,38,6.338581e-03,1
21,0.1802,8,20,8.783852e-03,1
22,0.2076,15,36,7.881433e-03,1
23,0.2272,16,39,6.694888e-03,1
24,0.1840,11,26,8.764354e-03,1
25,0.2145,15,40,5.365425e-03,1
26,0.2112,15,40,8.720030e-03,1
27,0.1962,14,34,7.355316e-03,1
28,0.2213,15,35,7.652260e-03,1
29,0.2609,17,42,8.791856e-03,1
30,0.2383,16,41,8.988663e-03,1
31,0.2687,17,45,9.943813e-03,1
32,0.2094,15,31,3.639513e-03,1
33,0.2124,15,38,7.953527e-03,1
34,0.3091,18,45,7.641169e-03,1
35,0.2084,15,36,9.416149e-03,1
36,0.2024,13,30,9.330264e-03,1
37,0.2050,15,35,7.940799e-03,1
38,0.1925,14,37,8.996284e-03,1
39,0.2519,17,41,6.153185e-03,1
40,0.2254,16,39,5.000179e-03,1
41,0.1911,13,34,8.639802e-03,1
42,0.2190,15,36,7.998280e-03,1
43,0.1813,11,28,9.117440e-03,1
44,0.2062,15,37,7.248278e-03,1
45,0.1987,13,33,6.818552e-03,1
46,0.1980,13,31,8.029057e-03,1
47,0.1870,13,32,8.589659e-03,1
48,0.2578,17,43,7.926637e-03,1
49,0.2359,16,40,9.573081e-03,1
50,0.2236,16,40,5.277153e-03,1
51,0.2387,16,40,7.839122e-03,1
52,0.1784,10,23,3.597251e-03,1
53,0.2252,16,40,8.246600e-03,1
54,0.2063,15,34,7.752825e-03,1
55,0.2033,15,39,5.505262e-03,1
56,0.1885,14,34,3.880075e-03,1
57,0.1870,13,32,5.206916e-03,1
58,0.1905,14,35,9.773130e-03,1
59,0.1843,12,27,5.022195e-03,1
60,0.2556,17,39,6.750947e-03,1
61,0.2029,15,36,9.712371e-03,1
62,0.2676,17,42,6.537419e-03,1
63,0.2251,16,38,9.640669e-03,1
64,0.2222,16,39,4.448413e-03,1
65,0.2269,16,39,7.658484e-03,1
66,0.2246,16,40,5.920364e-03,1
67,0.1907,14,35,7.376525e-03,1
68,0.2244,16,42,5.742448e-03,1
69,0.2042,15,36,8.125325e-03,1
70,0.2218,16,38,8.965005e-03,1
71,0.1890,12,30,8.540476e-03,1
72,0.2531,17,42,5.145013e-03,1
73,0.2621,17,39,6.504331e-03,1
74,0.2053,14,35,7.694046e-03,1
75,0.2144,15,35,5.560138e-03,1
76,0.2223,16,41,6.023639e-03,1
77,0.1835,11,30,5.853451e-03,1
78,0.1887,13,31,3.795603e-03,1
79,0.2028,15,35,9.634617e-03,1
80,0.2529,17,43,9.976398e-03,1
81,0.1973,13,30,5.506053e-03,1
82,0.2250,16,42,8.625935e-03,1
83,0.2084,15,35,8.937223e-03,1
84,0.2070,15,35,5.518070e-03,1
85,0.1886,13,35,7.329147e-03,1
86,0.3098,18,46,6.357030e-03,1
87,0.1921,14,35,9.858055e-03,1
88,0.1996,12,30,9.635985e-03,1
89,0.2269,16,39,8.515629e-03,1
90,0.2572,17,41,4.830092e-03,1
91,0.2227,16,40,5.624481e-03,1
92,0.2273,16,41,9.234051e-03,1
93,0.1928,14,34,6.693586e-03,1
94,0.1848,12,30,9.804652e-03,1
95,0.1911,14,35,8.441542e-03,1
96,0.2251,16,36,6.896382e-03,1
97,0.1874,14,34,6.682805e-03,1
98,0.1865,14,36,8.763810e-03,1
99,0.2033,15,34,8.233819e-03,1
100,0.2542,17,42,6.691848e-03,1
101,0.1904,14,33,8.658825e-03,1
102,0.2269,16,39,6.354983e-03,1
103,0.1827,12,30,9.278498e-03,1
104,0.2127,12,29,9.816217e-03,1
105,0.1790,9,21,7.084783e-03,1
106,0.1815,11,27,5.984392e-03,1
107,0.1926,14,35,6.746519e-03,1
108,0.2219,16,38,3.169704e-03,1
109,0.2098,15,36,7.004880e-03,1
110,0.1877,13,34,8.981051e-03,1
111,0.1942,14,30,9.716943e-03,1
112,0.2025,15,37,3.757585e-03,1
113,0.2007,14,32,7.464575e-03,1
114,0.2248,16,36,6.549006e-03,1
115,0.2024,15,37,9.728087e-03,1
116,0.2081,15,39,5.458048e-03,1
117,0.2028,15,36,9.879271e-03,1
118,0.2024,15,36,3.700867e-03,1
119,0.1886,14,35,3.072460e-03,1
120,0.1889,13,34,7.343806e-03,1
121,0.2362,16,39,9.226183e-03,1
122,0.2378,16,38,8.574170e-03,1
123,0.2366,16,41,7.208130e-03,1
124,0.1948,13,35,8.688746e-03,1
125,0.2540,17,41,4.168008e-03,1
126,0.2517,17,41,5.378104e-03,1
127,0.1895,14,34,8.130518e-03,1
128,0.2173,15,38,8.622390e-03,1
129,0.1879,14,35,6.289778e-03,1
130,0.2135,15,35,8.902887e-03,1
131,0.2035,15,36,8.653514e-03,1
132,0.2409,16,38,3.682682e-03,1
133,0.1779,10,27,5.108748e-03,1
134,0.2237,16,39,4.196128e-03,1
135,0.2021,15,39,8.019966e-03,1
136,0.2190,15,37,7.137677e-03,1
137,0.2328,16,36,8.704147e-03,1
138,0.1829,13,32,7.599670e-03,1
139,0.2260,16,38,5.078195e-03,1
140,0.3136,14,35,9.487974e-03,1
141,0.1835,13,29,3.540994e-03,1
142,0.1889,14,35,8.043031e-03,1
143,0.4303,14,34,3.788075e-03,1
144,0.2216,16,40,9.723138e-03,1
145,0.1859,13,31,7.428580e-03,1
146,0.7562,16,37,5.077715e-03,1
147,0.2008,15,37,9.317463e-03,1
148,0.7431,14,36,7.342584e-03,1
149,0.2172,15,36,9.634816e-03,1
150,0.2340,16,38,8.191293e-03,1
151,0.2009,15,37,9.031233e-03,1
152,0.2523,17,42,2.762699e-03,1
153,0.1873,14,36,5.929398e-03,1
154,0.2101,15,38,7.059470e-03,1
155,0.2234,16,40,9.318927e-03,1
156,0.2048,15,38,9.614829e-03,1
157,0.2010,15,37,5.964396e-03,1
158,0.1859,13,32,9.604333e-03,1
159,0.2054,15,40,9.469450e-03,1
160,0.2262,16,39,7.730167e-03,1
161,0.1944,13,34,9.797697e-03,1
162,0.1969,14,35,8.100032e-03,1
163,0.1867,14,35,6.395836e-03,1
164,0.1860,13,34,6.552424e-03,1
165,0.1897,14,36,9.136599e-03,1
166,0.2232,16,38,5.263484e-03,1
167,0.1903,14,33,9.023038e-03,1
168,0.1783,11,29,8.190993e-03,1
169,0.1975,14,35,5.975357e-03,1
170,0.2057,15,37,5.669304e-03,1
171,0.2084,15,39,9.667746e-03,1
172,0.1894,9,21,9.081284e-03,1
173,0.2111,15,38,4.470765e-03,1
174,0.2547,17,40,9.813556e-03,1
175,0.1808,13,34,9.960527e-03,1
176,0.1883,11,29,4.224498e-03,1
177,0.2622,17,44,6.079409e-03,1
178,0.2141,15,38,8.717070e-03,1
179,0.2303,16,38,5.367550e-03,1
180,0.2070,15,41,8.508837e-03,1
181,0.1886,14,35,5.469009e-03,1
182,0.2008,15,38,8.345913e-03,1
183,0.2029,15,36,9.756583e-03,1
184,0.2211,16,36,5.597108e-03,1
185,0.1800,12,31,8.441392e-03,1
186,0.1928,12,30,3.027629e-03,1
187,0.2223,16,39,8.126698e-03,1
188,0.2010,15,37,8.836333e-03,1
189,0.2017,15,36,8.376969e-03,1
190,0.1999,15,39,9.588957e-03,1
191,0.1762,10,26,7.198639e-03,1
192,0.3018,18,42,6.720212e-03,1
193,0.1885,14,33,7.912613e-03,1
194,0.2259,15,36,9.202187e-03,1
195,0.2538,17,42,6.199274e-03,1
196,0.2076,15,38,9.072222e-03,1
197,0.1910,13,32,7.799012e-03,1
198,0.2106,14,36,8.743804e-03,1
199,0.1958,14,34,8.213673e-03,1
200,0.2605,17,40,1.603160e-03,1
201,0.1926,14,34,8.966488e-03,1
202,0.2528,17,42,6.737783e-03,1
203,0.2378,16,40,7.050791e-03,1
204,0.2532,17,42,5.271655e-03,1
205,0.2296,16,40,9.461495e-03,1
206,0.2034,15,34,9.771149e-03,1
207,0.2241,16,40,6.669975e-03,1
208,0.3078,18,42,3.617612e-03,1
209,0.1845,12,31,6.691372e-03,1
210,0.2037,15,37,8.067028e-03,1
211,0.1837,13,32,8.739624e-03,1
212,0.1763,9,21,9.112272e-03,1
213,0.2100,15,35,9.240015e-03,1
214,0.1852,12,28,7.267145e-03,1
215,0.2256,16,39,3.040069e-03,1
216,0.2651,17,42,3.413338e-03,1
217,0.1741,8,23,9.158247e-03,1
218,0.1884,14,35,9.931688e-03,1
219,0.2221,16,37,3.008085e-03,1
220,0.2678,17,39,6.339261e-03,1
221,0.2225,16,41,5.548955e-03,1
222,0.1912,14,36,4.646895e-03,1
223,0.2260,16,39,5.450257e-03,1
224,0.2074,15,35,7.710234e-03,1
225,0.1797,11,30,3.618625e-03,1
226,0.2217,15,35,8.048761e-03,1
227,0.1880,14,36,7.679700e-03,1
228,0.2088,15,38,4.922734e-03,1
229,0.1784,10,26,3.735233e-03,1
230,0.1839,13,32,8.481761e-03,1
231,0.2241,16,43,7.761864e-03,1
232,0.1823,12,33,9.847725e-03,1
233,0.1829,12,31,4.722422e-03,1
234,0.2030,15,35,8.622216e-03,1
235,0.1884,14,34,7.530049e-03,1
236,0.1927,14,36,5.396615e-03,1
237,0.2237,16,37,8.870637e-03,1
238,0.2223,16,39,6.115613e-03,1
239,0.2050,14,35,3.982954e-03,1
240,0.2031,15,38,9.376159e-03,1
241,0.1856,11,26,8.957059e-03,1
242,0.2234,16,40,9.039291e-03,1
243,0.2530,17,43,9.467376e-03,1
244,0.1890,14,36,8.865412e-03,1
245,0.2538,17,40,9.065193e-03,1
246,0.2052,15,33,9.969385e-03,1
247,0.1874,14,36,7.486830e-03,1
248,0.2545,17,42,2.864312e-03,1
249,0.2350,16,37,9.553319e-03,1
250,0.2231,16,38,6.670527e-03,1
251,0.2436,16,40,5.200627e-03,1
252,0.1854,13,33,8.279104e-03,1
253,0.1930,14,36,5.567770e-03,1
254,0.2624,17,41,6.138950e-03,1
255,0.2465,16,40,5.094164e-03,1
256,0.2142,15,37,6.343565e-03,1
257,0.2508,17,40,5.859243e-03,1
258,0.1840,13,34,6.707570e-03,1
259,0.2702,14,32,7.669529e-03,1
260,0.2470,15,36,7.820556e-03,1
261,0.2026,15,38,8.569045e-03,1
262,0.1846,13,31,7.658470e-03,1
263,0.2035,15,37,9.385433e-03,1
264,0.2139,15,38,4.385387e-03,1
265,0.2113,14,32,7.931647e-03,1
266,0.2230,16,42,9.196181e-03,1
267,0.2045,15,39,5.215662e-03,1
268,0.3285,18,43,6.765134e-03,1
269,0.2331,16,38,9.028177e-03,1
270,0.1898,13,34,8.616429e-03,1
271,0.1870,12,27,3.054884e-03,1
272,0.2009,14,33,9.380816e-03,1
273,0.1816,12,29,5.642146e-03,1
274,0.4493,15,35,9.785218e-03,1
275,0.2469,17,41,5.361102e-03,1
276,0.1777,10,24,3.994816e-03,1
277,0.4850,16,39,9.639590e-03,1
278,0.2521,17,41,9.959559e-03,1
279,0.1886,14,35,7.114127e-03,1
280,0.6829,15,36,8.854371e-03,1
281,0.2316,16,39,7.748685e-03,1
282,0.7100,14,34,3.722850e-03,1
283,0.1910,14,35,7.446811e-03,1
284,0.3112,18,44,5.462471e-03,1
285,0.2032,15,38,9.027087e-03,1
286,0.2076,15,35,7.641394e-03,1
287,0.2515,17,40,6.755148e-03,1
288,0.2212,16,39,7.522271e-03,1
289,0.2546,17,43,8.749453e-03,1
290,0.2133,15,35,9.819737e-03,1
291,0.2240,16,41,6.051701e-03,1
292,0.2551,17,41,9.613959e-03,1
293,0.2634,17,41,3.672087e-03,1
294,0.1826,13,32,3.001068e-03,1
295,0.1926,14,36,9.928795e-03,1
296,0.1982,14,36,9.224102e-03,1
297,0.2006,15,38,6.295311e-03,1
298,0.2193,16,37,9.701939e-03,1
299,0.2540,17,41,8.305468e-03,1
300,0.2515,17,39,7.813427e-03,1
301,0.2025,15,37,6.944855e-03,1
302,0.2502,17,40,9.024687e-03,1
303,0.2134,15,38,8.196796e-03,1
304,0.1798,12,30,9.629660e-03,1
305,0.1885,14,36,1.618334e-03,1
306,0.1857,13,33,4.624741e-03,1
307,0.1793,11,26,2.800056e-03,1
308,0.1780,11,30,9.551030e-03,1
309,0.2194,16,41,3.109287e-03,1
310,0.1842,13,33,6.541196e-03,1
311,0.2263,16,40,8.096607e-03,1
312,0.1814,13,33,9.070667e-03,1
313,0.2074,15,37,6.685221e-03,1
314,0.1841,13,32,9.906352e-03,1
315,0.2179,15,36,7.565976e-03,1
316,0.2350,16,40,8.371623e-03,1
317,0.1871,14,33,8.477583e-03,1
318,0.1921,13,29,1.753501e-03,1
319,0.1883,14,33,8.472979e-03,1
320,0.2200,16,37,6.413673e-03,1
321,0.2202,16,38,6.561997e-03,1
322,0.1900,14,33,8.662259e-03,1
323,0.1829,12,28,8.533169e-03,1
324,0.2218,16,39,5.996843e-03,1
325,0.1881,13,30,6.879045e-03,1
326,0.1860,14,34,9.743613e-03,1
327,0.2231,16,39,8.927123e-03,1
328,0.1836,12,28,6.353687e-03,1
329,0.2510,17,41,4.978127e-03,1
330,0.2216,16,39,7.009359e-03,1
331,0.1927,13,31,8.992612e-03,1
332,0.1800,12,32,9.684458e-03,1
333,0.1991,15,39,9.634892e-03,1
334,0.2172,16,40,9.864591e-03,1
335,0.1787,12,29,4.702423e-03,1
336,0.1795,12,27,6.329780e-03,1
337,0.2275,16,38,6.521783e-03,1
338,0.1893,11,28,6.537420e-03,1
339,0.1980,14,33,9.291814e-03,1
340,0.1893,14,39,7.748672e-03,1
341,0.2665,17,40,5.932568e-03,1
342,0.2564,17,42,6.555639e-03,1
343,0.2623,17,45,9.104892e-03,1
344,0.1870,13,34,7.609171e-03,1
345,0.2207,16,40,9.750415e-03,1
346,0.2640,17,43,4.369115e-03,1
347,0.2195,16,38,7.606253e-03,1
348,0.1979,13,32,7.950655e-03,1
349,0.2037,14,34,6.423514e-03,1
350,0.1961,12,30,4.961130e-03,1
351,0.2066,15,36,7.239610e-03,1
352,0.1886,14,34,9.666948e-03,1
353,0.2204,16,40,8.973504e-03,1
354,0.2221,16,38,9.768979e-03,1
355,0.2522,17,41,8.977681e-03,1
356,0.2118,15,37,8.083690e-03,1
357,0.2365,16,39,8.625633e-03,1
358,0.2517,17,42,6.830309e-03,1
359,0.2120,15,39,8.017690e-03,1
360,0.2264,16,38,7.803851e-03,1
361,0.2232,16,38,9.106604e-03,1
362,0.1974,12,30,9.405701e-03,1
363,0.1764,10,27,9.740122e-03,1
364,0.1861,14,35,9.564496e-03,1
365,0.1794,11,29,9.820305e-03,1
366,0.2006,15,38,9.849779e-03,1
367,0.2000,15,36,9.211485e-03,1
368,0.2013,15,38,9.963605e-03,1
369,0.1860,14,32,7.768189e-03,1
370,0.1734,9,21,7.812213e-03,1
371,0.2019,14,37,5.213169e-03,1
372,0.1892,14,37,8.218507e-03,1
373,0.2016,15,38,8.412354e-03,1
374,0.2209,16,41,9.052007e-03,1
375,0.2197,16,40,5.067184e-03,1
376,0.2204,16,39,3.750352e-03,1
377,0.1969,14,36,9.394923e-03,1
378,0.1878,13,34,9.275938e-03,1
379,0.2364,16,40,5.866688e-03,1
380,0.1832,13,30,9.496760e-03,1
381,0.2249,16,41,8.724847e-03,1
382,0.2196,16,39,5.724922e-03,1
383,0.1984,14,37,9.435308e-03,1
384,0.2287,16,40,8.481387e-03,1
385,0.1900,14,36,9.735588e-03,1
386,0.1869,14,36,9.191122e-03,1
387,0.2555,17,41,2.407297e-03,1
388,0.2287,16,39,5.544198e-03,1
389,0.2195,16,39,6.555986e-03,1
390,0.2216,16,40,9.670860e-03,1
391,0.1848,13,34,9.768810e-03,1
392,0.1984,14,38,9.024441e-03,1
393,0.2013,15,38,6.473328e-03,1
394,0.2136,15,40,5.727118e-03,1
395,0.1975,13,31,9.925846e-03,1
396,0.1760,10,25,7.316595e-03,1
397,0.2333,16,36,8.608423e-03,1
398,0.2206,16,42,6.380545e-03,1
399,0.2248,16,40,9.048841e-03,1
400,0.2013,15,36,6.468380e-03,1
401,0.1994,15,35,6.841850e-03,1
402,0.2355,16,41,4.554997e-03,1
403,0.1980,14,37,8.851555e-03,1
404,0.2191,16,40,7.902006e-03,1
405,0.2242,16,37,6.486899e-03,1
406,0.1625,3,7,9.824139e-03,1
407,0.1797,11,29,9.792405e-03,1
408,0.1851,12,30,6.249105e-03,1
409,0.1850,14,36,9.108955e-03,1
410,0.4240,16,41,8.372766e-03,1
411,0.2199,16,38,6.771807e-03,1
412,0.2094,15,38,8.925690e-03,1
413,0.3993,13,33,6.985364e-03,1
414,0.1863,14,38,6.367236e-03,1
415,0.1966,15,41,6.649881e-03,1
416,0.4038,14,36,4.991837e-03,1
417,0.2227,14,36,8.016168e-03,1
418,0.2178,15,38,4.088057e-03,1
419,0.2319,16,39,5.401111e-03,1
420,0.6848,17,43,8.855413e-03,1
421,0.2035,15,34,4.965903e-03,1
422,0.2025,15,35,7.711475e-03,1
423,0.1816,13,33,8.276070e-03,1
424,0.2497,17,43,7.949285e-03,1
425,0.1849,13,31,7.490999e-03,1
426,0.2260,16,41,8.978446e-03,1
427,0.2516,17,43,8.349746e-03,1
428,0.1880,14,35,9.703993e-03,1
429,0.1931,12,30,4.968663e-03,1
430,0.2207,16,39,4.400510e-03,1
431,0.2108,15,36,8.967353e-03,1
432,0.1859,14,32,9.655515e-03,1
433,0.2525,17,40,2.759517e-03,1
434,0.1988,13,34,8.226908e-03,1
435,0.1867,14,36,5.464825e-03,1
436,0.2248,16,38,4.274095e-03,1
437,0.2056,15,38,9.821809e-03,1
438,0.1820,13,34,9.463261e-03,1
439,0.2128,15,38,5.970157e-03,1
440,0.1852,13,35,6.013718e-03,1
441,0.2137,15,37,5.977766e-03,1
442,0.1794,12,32,9.625028e-03,1
443,0.1809,13,34,7.957169e-03,1
444,0.2196,16,37,8.074736e-03,1
445,0.1863,14,36,9.252977e-03,1
446,0.1841,12,29,7.374964e-03,1
447,0.1880,13,30,2.417226e-03,1
448,0.2007,15,37,7.988966e-03,1
449,0.1683,6,15,7.157045e-03,1
450,0.2206,15,40,7.413709e-03,1
451,0.1868,14,32,5.828860e-03,1
452,0.2000,15,36,7.413119e-03,1
453,0.2109,15,36,7.773587e-03,1
454,0.2348,16,39,9.640022e-03,1
455,0.2079,15,36,9.380207e-03,1
456,0.1866,14,33,6.155812e-03,1
457,0.2537,17,42,3.317252e-03,1
458,0.2004,15,35,2.657253e-03,1
459,0.2200,16,40,8.683946e-03,1
460,0.1874,14,31,8.310787e-03,1
461,0.1809,12,29,7.581284e-03,1
462,0.2492,17,43,8.963358e-03,1
463,0.1973,11,27,7.288317e-03,1
464,0.2573,17,40,7.808184e-03,1
465,0.2197,16,40,9.782457e-03,1
466,0.1998,15,37,9.504981e-03,1
467,0.2316,16,39,7.826805e-03,1
468,0.1875,10,26,8.325277e-03,1
469,0.2081,14,32,9.147914e-03,1
470,0.1871,13,35,6.252977e-03,1
471,0.2160,15,37,8.372091e-03,1
472,0.1875,12,30,4.935215e-03,1
473,0.2021,13,32,7.070416e-03,1
474,0.2013,15,37,5.958308e-03,1
475,0.2199,16,41,8.309400e-03,1
476,0.1783,11,28,8.616703e-03,1
477,0.2184,15,38,7.863628e-03,1
478,0.1832,13,28,8.805484e-03,1
479,0.2002,15,36,4.755080e-03,1
480,0.2029,14,35,7.375261e-03,1
481,0.2326,16,38,6.709038e-03,1
482,0.2205,16,39,7.920235e-03,1
483,0.1952,13,33,6.173371e-03,1
484,0.1808,12,32,8.351845e-03,1
485,0.2518,17,41,4.488337e-03,1
486,0.1814,12,30,8.756190e-03,1
487,0.2498,17,39,3.294095e-03,1
488,0.2278,16,39,8.252173e-03,1
489,0.1952,11,27,7.196318e-03,1
490,0.2002,15,38,5.970558e-03,1
491,0.3005,18,42,6.488356e-03,1
492,0.1866,14,34,7.371422e-03,1
493,0.1992,15,37,9.865227e-03,1
494,0.2494,17,42,7.462194e-03,1
495,0.1900,10,26,9.936674e-03,1
496,0.1842,14,32,6.035313e-03,1
497,0.2952,18,40,2.810233e-03,1
498,0.2453,17,42,5.672124e-03,1
499,0.3930,18,44,7.588506e-03,1
500,0.3006,18,43,3.997058e-03,1
501,0.2111,15,37,8.514090e-03,1
502,0.2031,15,36,7.749583e-03,1
503,0.2194,16,37,7.713792e-03,1
504,0.2014,15,36,6.879895e-03,1
505,0.2505,17,43,5.015752e-03,1
506,0.1995,15,34,7.851852e-03,1
507,0.1884,14,34,9.103722e-03,1
508,0.1997,15,36,8.991946e-03,1
509,0.2500,17,41,4.878881e-03,1
510,0.2573,17,42,3.891401e-03,1
511,0.2169,15,36,9.001771e-03,1
512,0.2195,16,40,2.334415e-03,1
513,0.1933,12,31,7.955465e-03,1
514,0.2012,15,37,6.472756e-03,1
515,0.1998,15,38,8.207750e-03,1
516,0.1985,14,35,9.204052e-03,1
517,0.2000,15,38,4.314840e-03,1
518,0.2499,17,41,9.804262e-03,1
519,0.1921,11,30,8.716822e-03,1
520,0.2418,16,39,6.107031e-03,1
521,0.1841,13,32,9.384093e-03,1
522,0.2318,16,43,7.180037e-03,1
523,0.1870,14,36,5.849923e-03,1
524,0.2233,16,40,9.992963e-03,1
525,0.1838,12,29,3.277469e-03,1
526,0.2161,15,37,7.801588e-03,1
527,0.1939,13,30,4.515390e-03,1
528,0.2678,17,42,5.935676e-03,1
529,0.2017,13,32,6.421994e-03,1
530,0.1882,13,34,8.543126e-03,1
531,0.1888,14,35,7.418258e-03,1
532,0.1907,14,33,7.386330e-03,1
533,0.2219,16,38,7.267589e-03,1
534,0.1930,14,36,9.258502e-03,1
535,0.2027,15,36,3.409242e-03,1
536,0.1880,14,34,7.190673e-03,1
537,0.1840,13,32,8.187602e-03,1
538,0.2022,15,38,9.980291e-03,1
539,0.2040,15,35,9.375795e-03,1
540,0.2212,16,38,7.723998e-03,1
541,0.2216,16,40,7.994170e-03,1
542,0.2077,15,38,5.438909e-03,1
543,0.2222,16,40,7.440589e-03,1
544,0.1864,13,32,6.561030e-03,1
545,0.2677,17,40,4.733511e-03,1
546,0.4300,14,37,9.495081e-03,1
547,0.1940,11,29,6.559947e-03,1
548,0.2979,18,45,5.672307e-03,1
549,0.4085,15,39,6.240191e-03,1
550,0.2185,15,37,9.626213e-03,1
551,0.1864,13,31,8.424197e-03,1
552,0.6745,15,34,9.226729e-03,1
553,0.1986,14,38,4.951146e-03,1
554,0.8693,18,46,4.318512e-03,1
555,0.2103,15,39,7.793931e-03,1
556,0.1876,14,35,9.148631e-03,1
557,0.1914,11,26,8.905067e-03,1
558,0.2216,16,40,5.805301e-03,1
559,0.2296,16,40,6.664121e-03,1
560,0.2263,16,41,6.487017e-03,1
561,0.2665,17,42,8.607054e-03,1
562,0.2556,17,44,7.725306e-03,1
563,0.2021,15,36,8.964207e-03,1
564,0.2037,15,35,8.271881e-03,1
565,0.2581,17,44,8.587219e-03,1
566,0.1920,14,38,7.299689e-03,1
567,0.1799,11,29,9.224423e-03,1
568,0.1865,13,32,4.799265e-03,1
569,0.2546,17,41,5.696536e-03,1
570,0.2318,16,39,8.102458e-03,1
571,0.2038,15,37,6.209916e-03,1
572,0.2511,17,41,9.283174e-03,1
573,0.1988,14,32,6.350437e-03,1
574,0.1867,13,35,9.661783e-03,1
575,0.3020,18,44,8.676413e-03,1
576,0.2034,15,40,9.550241e-03,1
577,0.2676,17,44,3.419805e-03,1
578,0.1795,10,27,7.560970e-03,1
579,0.1889,14,32,7.173585e-03,1
580,0.2538,17,40,3.866841e-03,1
581,0.2012,13,31,4.228781e-03,1
582,0.2025,15,33,9.931443e-03,1
583,0.1890,14,35,4.167294e-03,1
584,0.1908,14,35,8.922477e-03,1
585,0.2035,15,37,7.876094e-03,1
586,0.2060,15,38,5.639843e-03,1
587,0.2038,15,38,8.726201e-03,1
588,0.1897,14,35,9.804030e-03,1
589,0.2064,15,38,9.616201e-03,1
590,0.1925,12,32,8.793454e-03,1
591,0.2002,14,32,9.097089e-03,1
592,0.1835,13,34,9.074077e-03,1
593,0.1969,12,29,9.042475e-03,1
594,0.1960,13,33,5.517687e-03,1
595,0.3049,18,47,5.344496e-03,1
596,0.1833,13,31,7.156036e-03,1
597,0.2059,14,33,6.960012e-03,1
598,0.2077,15,37,6.823249e-03,1
599,0.2325,16,39,2.820505e-03,1
600,0.2215,16,35,4.118563e-03,1
601,0.2237,16,37,3.383638e-03,1
602,0.2045,15,37,5.984510e-03,1
603,0.1841,13,33,5.463216e-03,1
604,0.2557,17,41,5.494705e-03,1
605,0.2262,16,38,3.903778e-03,1
606,0.2553,17,40,5.809676e-03,1
607,0.1905,14,34,8.972370e-03,1
608,0.1892,14,34,8.709334e-03,1
609,0.2005,14,35,4.823187e-03,1
610,0.1889,12,29,5.077254e-03,1
611,0.1822,10,25,9.067602e-03,1
612,0.2086,14,33,9.810157e-03,1
613,0.2011,14,32,5.342992e-03,1
614,0.2699,17,39,9.465841e-03,1
615,0.1883,14,32,8.119105e-03,1
616,0.2233,16,39,6.311053e-03,1
617,0.2038,15,39,9.321436e-03,1
618,0.2420,16,41,8.087992e-03,1
619,0.1870,13,34,4.813004e-03,1
620,0.1869,12,30,6.608127e-03,1
621,0.2267,16,39,7.174417e-03,1
622,0.2538,17,39,9.123664e-03,1
623,0.2316,16,38,6.027650e-03,1
624,0.2067,15,36,4.730035e-03,1
625,0.2031,15,40,6.384515e-03,1
626,0.2146,15,36,6.633914e-03,1
627,0.1863,13,33,9.126989e-03,1
628,0.1896,14,33,9.595613e-03,1
629,0.2241,16,41,4.315169e-03,1
630,0.2673,17,40,7.438330e-03,1
631,0.2052,15,36,5.385393e-03,1
632,0.1912,14,36,5.043719e-03,1
633,0.3971,19,47,3.407033e-03,1
634,0.1907,14,34,4.679666e-03,1
635,0.2129,15,39,7.439740e-03,1
636,0.2006,15,38,8.275173e-03,1
637,0.2069,15,39,9.181780e-03,1
638,0.2331,16,41,9.405027e-03,1
639,0.2296,16,40,5.732191e-03,1
640,0.2352,16,37,9.636112e-03,1
641,0.2305,16,42,9.272136e-04,1
642,0.2219,16,40,8.284389e-03,1
643,0.2358,16,37,8.596251e-03,1
644,0.2142,15,38,6.763843e-03,1
645,0.1994,13,32,7.535502e-03,1
646,0.1854,13,32,5.271094e-03,1
647,0.2082,15,35,8.708904e-03,1
648,0.2231,16,39,5.316872e-03,1
649,0.1900,14,34,6.936294e-03,1
650,0.2027,15,38,7.407988e-03,1
651,0.1934,13,30,7.466328e-03,1
652,0.1816,13,34,6.041944e-03,1
653,0.1944,13,34,6.681969e-03,1
654,0.2561,17,40,3.152920e-03,1
655,0.2239,16,41,3.346114e-03,1
656,0.2185,15,39,9.968927e-03,1
657,0.2340,16,40,6.201389e-03,1
658,0.1885,14,37,9.211314e-03,1
659,0.2664,17,39,8.859025e-03,1
660,0.2060,14,33,5.524048e-03,1
661,0.1913,14,35,9.904614e-03,1
662,0.2637,17,41,9.687175e-03,1
663,0.2216,16,41,9.386325e-03,1
664,0.2204,16,42,3.638128e-03,1
665,0.2109,14,35,3.929339e-03,1
666,0.2136,15,35,7.512890e-03,1
667,0.1828,12,31,4.938382e-03,1
668,0.1943,14,36,9.049623e-03,1
669,0.1886,14,35,9.333394e-03,1
670,0.2597,17,42,3.520967e-03,1
671,0.2022,15,38,9.685398e-03,1
672,0.2642,17,44,9.231780e-03,1
673,0.1915,14,34,8.129847e-03,1
674,0.1891,12,28,7.991121e-03,1
675,0.2190,15,38,1.466789e-03,1
676,0.1919,14,33,7.545292e-03,1
677,0.2062,15,35,5.762709e-03,1
678,0.4162,13,34,5.190623e-03,1
679,0.2020,15,40,9.985409e-03,1
680,0.2195,16,38,5.662157e-03,1
681,0.4921,16,41,3.758115e-03,1
682,0.2129,15,39,9.930740e-03,1
683,0.1822,12,33,7.600545e-03,1
684,0.6433,10,23,9.125163e-03,1
685,0.1984,13,31,9.568402e-03,1
686,0.7618,13,34,5.478065e-03,1
687,0.3095,18,44,3.955476e-03,1
688,0.2998,18,44,9.317962e-03,1
689,0.1937,12,32,6.360258e-03,1
690,0.2037,15,34,7.228299e-03,1
691,0.1847,13,33,9.979855e-03,1
692,0.2623,17,42,4.289422e-03,1
693,0.1873,14,34,6.473358e-03,1
694,0.1954,14,32,5.284060e-03,1
695,0.2025,15,40,8.202169e-03,1
696,0.1825,11,28,7.759391e-03,1
697,0.1940,14,34,9.102050e-03,1
698,0.2211,16,39,6.353790e-03,1
699,0.2122,15,35,6.976065e-03,1
700,0.2286,16,38,8.378072e-03,1
701,0.1893,14,37,5.807784e-03,1
702,0.1859,13,33,9.618323e-03,1
703,0.2244,16,38,7.953373e-03,1
704,0.1836,13,35,3.637313e-03,1
705,0.2141,15,34,6.547673e-03,1
706,0.2650,17,44,1.944423e-03,1
707,0.2250,16,40,6.750863e-03,1
708,0.2538,17,44,8.265581e-03,1
709,0.2187,15,39,8.802054e-03,1
710,0.2360,16,37,5.350219e-03,1
711,0.2148,15,36,4.832027e-03,1
712,0.2034,14,34,4.600690e-03,1
713,0.1917,14,35,7.125938e-03,1
714,0.2216,16,38,6.986247e-03,1
715,0.1870,14,33,5.047223e-03,1
716,0.2009,14,34,9.039683e-03,1
717,0.1938,12,29,9.926922e-03,1
718,0.1987,13,35,8.585090e-03,1
719,0.2277,16,38,8.311981e-03,1
720,0.2249,16,38,7.166337e-03,1
721,0.2240,16,41,7.632656e-03,1
722,0.2189,15,37,7.917984e-03,1
723,0.2364,16,43,5.933182e-03,1
724,0.1815,12,29,8.895256e-03,1
725,0.2231,16,38,9.204975e-03,1
726,0.2286,16,38,4.798864e-03,1
727,0.1863,13,32,5.951563e-03,1
728,0.2204,16,42,5.184471e-03,1
729,0.1826,13,33,7.917332e-03,1
730,0.2657,17,43,4.548834e-03,1
731,0.2777,15,40,5.011170e-03,1
732,0.2329,16,38,6.977290e-03,1
733,0.2351,16,40,7.638683e-03,1
734,0.2526,17,43,4.636005e-03,1
735,0.2080,15,39,9.341461e-03,1
736,0.1837,13,33,8.009564e-03,1
737,0.2023,15,35,4.169661e-03,1
738,0.2010,14,37,6.794431e-03,1
739,0.2290,16,37,7.004661e-03,1
740,0.2157,15,37,6.184232e-03,1
741,0.2355,16,40,9.383295e-03,1
742,0.2070,15,34,3.824634e-03,1
743,0.1907,14,35,7.706160e-03,1
744,0.1846,13,31,8.307933e-03,1
745,0.2261,16,41,3.459879e-03,1
746,0.2256,16,41,7.378716e-03,1
747,0.2647,17,45,5.053559e-03,1
748,0.2079,15,36,8.718210e-03,1
749,0.1846,13,33,9.652536e-03,1
750,0.2282,16,41,6.099079e-03,1
751,0.2384,16,40,6.217223e-03,1
752,0.1892,14,37,4.883914e-03,1
753,0.2231,16,40,4.654874e-03,1
754,0.2027,15,35,9.511713e-03,1
755,0.2270,16,37,4.065899e-03,1
756,0.2225,16,39,8.988056e-03,1
757,0.2034,14,35,4.319851e-03,1
758,0.2152,15,35,9.112045e-03,1
759,0.1825,12,30,6.864557e-03,1
760,0.2280,16,38,7.753511e-03,1
761,0.2336,16,40,2.222797e-03,1
762,0.2268,16,39,7.512278e-03,1
763,0.1895,14,34,8.960939e-03,1
764,0.2523,17,41,5.539328e-03,1
765,0.2208,16,38,8.924442e-03,1
766,0.2180,15,36,9.463937e-03,1
767,0.1818,12,29,6.016040e-03,1
768,0.2027,14,35,9.435659e-03,1
769,0.2566,17,45,6.977212e-03,1
770,0.1823,12,32,4.098382e-03,1
771,0.2094,15,37,3.223128e-03,1
772,0.2023,12,31,3.355035e-03,1
773,0.2038,15,37,6.276730e-03,1
774,0.2230,16,39,9.903180e-03,1
775,0.2475,16,42,4.596908e-03,1
776,0.2155,15,37,6.688976e-03,1
777,0.2239,16,41,8.747729e-03,1
778,0.2125,15,40,4.807592e-03,1
779,0.2200,16,40,1.010503e-03,1
780,0.2220,16,37,9.662452e-03,1
781,0.2230,16,39,3.164990e-03,1
782,0.1677,6,16,8.055344e-03,1
783,0.1862,14,32,9.112828e-03,1
784,0.2332,16,36,6.105603e-03,1
785,0.2213,16,38,7.016552e-03,1
786,0.2318,16,41,8.682094e-03,1
787,0.2010,15,37,7.462987e-03,1
788,0.1860,14,35,3.114775e-03,1
789,0.1902,12,30,4.637598e-03,1
790,0.2508,17,41,8.427594e-03,1
791,0.1786,12,30,5.580169e-03,1
792,0.2238,16,41,8.109533e-03,1
793,0.1964,13,32,2.734797e-03,1
794,0.1860,14,36,5.947954e-03,1
795,0.1923,14,33,6.521897e-03,1
796,0.2359,16,38,3.839651e-03,1
797,0.2044,15,36,7.839975e-03,1
798,0.2222,16,39,7.127973e-03,1
799,0.2529,17,41,6.023364e-03,1
800,0.1974,14,37,7.777077e-03,1
801,0.2615,17,39,3.573806e-03,1
802,0.2313,16,39,8.474401e-03,1
803,0.2360,16,40,7.873594e-03,1
804,0.2029,15,33,3.746089e-03,1
805,0.2066,15,40,7.648994e-03,1
806,0.2543,17,42,6.909961e-03,1
807,0.2535,17,43,7.309659e-03,1
808,0.2116,15,36,9.034286e-03,1
809,0.1955,14,34,4.719591e-03,1
810,0.3973,13,31,7.542269e-03,1
811,0.1972,14,36,6.922313e-03,1
812,0.1973,15,36,8.582502e-03,1
813,0.4778,17,42,5.790848e-03,1
814,0.2044,15,38,8.206672e-03,1
815,0.2224,15,37,5.844513e-03,1
816,0.6499,13,36,9.515132e-03,1
817,0.2032,15,37,1.681068e-03,1
818,0.7776,14,35,4.843080e-03,1
819,0.1817,12,27,9.141289e-03,1
820,0.1872,13,32,7.847393e-03,1
821,0.1863,14,32,6.985929e-03,1
822,0.1849,13,30,7.372920e-03,1
823,0.1719,8,22,9.695006e-03,1
824,0.2009,14,33,5.326074e-03,1
825,0.2539,17,42,4.048360e-03,1
826,0.1799,12,30,3.748356e-03,1
827,0.1821,13,31,2.310389e-03,1
828,0.3063,18,43,5.479419e-03,1
829,0.2179,16,38,4.763648e-03,1
830,0.1862,14,35,8.706776e-03,1
831,0.2252,16,37,9.359687e-03,1
832,0.2184,16,38,6.045676e-03,1
833,0.2044,15,36,8.583368e-03,1
834,0.2337,16,42,8.995989e-03,1
835,0.1851,14,36,8.626112e-03,1
836,0.2562,17,41,5.594163e-03,1
837,0.1869,14,33,9.024906e-03,1
838,0.2197,16,41,8.775796e-03,1
839,0.1942,14,36,5.778649e-03,1
840,0.2026,14,30,8.655064e-03,1
841,0.1790,10,24,7.330686e-03,1
842,0.1812,12,29,8.204771e-03,1
843,0.2535,17,43,9.161779e-03,1
844,0.2032,15,35,8.487136e-03,1
845,0.3046,18,44,6.409329e-03,1
846,0.2014,15,38,7.332847e-03,1
847,0.2768,17,40,4.730841e-03,1
848,0.1920,14,33,6.771869e-03,1
849,0.1995,15,38,9.882899e-03,1
850,0.2670,17,43,8.823904e-03,1
851,0.3068,18,46,4.194583e-03,1
852,0.1861,14,35,3.321164e-03,1
853,0.2201,16,39,4.999923e-03,1
854,0.2031,15,37,7.742423e-03,1
855,0.2192,16,39,6.818189e-03,1
856,0.1941,12,29,6.437001e-03,1
857,0.1876,14,34,3.835062e-03,1
858,0.2004,15,35,9.277152e-03,1
859,0.2196,16,38,9.265982e-03,1
860,0.2118,15,37,6.742834e-03,1
861,0.2187,16,38,8.545036e-03,1
862,0.2205,16,42,9.346238e-03,1
863,0.2623,17,40,9.687985e-03,1
864,0.1994,15,35,8.592470e-03,1
865,0.1853,14,37,5.702583e-03,1
866,0.3125,18,46,7.636241e-03,1
867,0.1868,14,37,3.727069e-03,1
868,0.2575,17,39,3.913230e-03,1
869,0.1898,14,34,9.122758e-03,1
870,0.2649,17,42,8.312765e-03,1
871,0.2024,12,30,5.972927e-03,1
872,0.2006,15,39,8.394710e-03,1
873,0.1869,13,36,8.071649e-03,1
874,0.2038,15,38,3.935357e-03,1
875,0.2269,15,35,8.014796e-03,1
876,0.1878,14,32,9.699907e-03,1
877,0.2195,16,39,5.941750e-03,1
878,0.2262,16,39,4.357607e-03,1
879,0.2525,17,45,7.304341e-03,1
880,0.1995,15,38,9.251949e-03,1
881,0.2195,16,41,5.616716e-03,1
882,0.1769,11,30,2.169714e-03,1
883,0.2107,15,36,6.079309e-03,1
884,0.2008,15,34,8.784139e-03,1
885,0.1964,14,36,8.321125e-03,1
886,0.1849,14,34,9.246123e-03,1
887,0.1808,13,32,7.219171e-03,1
888,0.3102,18,44,6.920973e-03,1
889,0.2102,15,37,9.388147e-03,1
890,0.1972,15,37,7.902123e-03,1
891,0.1913,11,27,4.844359e-03,1
892,0.2115,15,37,5.779365e-03,1
893,0.2086,11,25,6.712191e-03,1
894,0.2468,17,42,5.528194e-03,1
895,0.2043,15,37,5.209950e-03,1
896,0.2328,16,38,7.626082e-03,1
897,0.1974,14,34,9.962792e-03,1
898,0.3031,18,46,2.782617e-03,1
899,0.2163,16,40,9.875343e-03,1
900,0.1929,13,33,4.195004e-03,1
901,0.1915,12,29,6.714481e-03,1
902,0.2295,16,38,7.735914e-03,1
903,0.2471,17,38,8.726928e-03,1
904,0.2483,17,41,5.757164e-03,1
905,0.1855,14,34,9.105400e-03,1
906,0.2568,17,42,7.100222e-03,1
907,0.2275,16,38,3.070167e-03,1
908,0.1857,14,33,4.435460e-03,1
909,0.1865,13,32,6.597762e-03,1
910,0.2188,15,37,8.378984e-03,1
911,0.1827,13,35,9.860903e-03,1
912,0.2050,15,35,6.257652e-03,1
913,0.2246,16,38,7.266894e-03,1
914,0.1788,12,29,8.946088e-03,1
915,0.1835,11,28,6.150373e-03,1
916,0.1853,14,35,8.732598e-03,1
917,0.2633,17,40,7.403980e-03,1
918,0.2197,16,37,5.869547e-03,1
919,0.2325,16,41,5.222018e-03,1
920,0.2239,16,40,8.232465e-03,1
921,0.1902,14,35,9.087675e-03,1
922,0.2589,17,43,8.911500e-03,1
923,0.2193,15,35,5.157196e-03,1
924,0.2322,16,39,6.510269e-03,1
925,0.2505,17,44,8.393206e-03,1
926,0.1884,14,35,8.247563e-03,1
927,0.2420,16,41,7.351144e-03,1
928,0.2375,16,38,7.478270e-03,1
929,0.2224,16,37,6.874677e-03,1
930,0.2009,15,38,7.231415e-03,1
931,0.2201,16,40,8.291814e-03,1
932,0.1842,13,35,3.759370e-03,1
933,0.2646,17,42,5.534695e-03,1
934,0.1812,13,30,8.709862e-03,1
935,0.1852,12,33,9.324767e-03,1
936,0.2037,15,37,7.102985e-03,1
937,0.2212,16,37,8.253524e-03,1
938,0.2001,15,36,8.639622e-03,1
939,0.2195,16,40,7.836669e-03,1
940,0.2202,16,39,9.516077e-03,1
941,0.2053,15,38,6.991622e-03,1
942,0.4846,16,37,7.249674e-03,1
943,0.2602,17,40,9.452313e-03,1
944,0.1924,13,32,6.628642e-03,1
945,0.4593,16,38,8.285093e-03,1
946,0.2225,16,40,6.193390e-03,1
947,0.2092,15,38,4.989201e-03,1
948,0.6544,16,35,8.265858e-03,1
949,0.2311,16,42,4.995228e-03,1
950,0.7002,14,36,7.951382e-03,1
951,0.2118,15,37,6.042365e-03,1
952,0.1979,14,39,9.540098e-03,1
953,0.1996,15,37,9.281177e-03,1
954,0.2004,15,38,7.234158e-03,1
955,0.2195,16,40,2.378950e-03,1
956,0.2258,16,40,6.101401e-03,1
957,0.1826,13,29,7.908556e-03,1
958,0.2147,15,35,2.463923e-03,1
959,0.1869,14,34,9.823860e-03,1
960,0.1997,14,32,6.565895e-03,1
961,0.2675,16,41,8.965779e-03,1
962,0.1798,13,30,9.595140e-03,1
963,0.2138,15,36,6.320846e-03,1
964,0.1983,13,33,7.023655e-03,1
965,0.1975,13,33,9.698125e-03,1
966,0.2212,16,38,9.939329e-03,1
967,0.1996,15,39,6.889643e-03,1
968,0.2619,17,43,4.508011e-03,1
969,0.2059,15,36,8.777462e-03,1
970,0.2542,17,39,8.176327e-03,1
971,0.2450,16,39,7.365932e-03,1
972,0.2227,16,39,4.137293e-03,1
973,0.2053,15,38,4.268662e-03,1
974,0.1883,14,34,3.364453e-03,1
975,0.1863,14,30,7.560878e-03,1
976,0.1933,13,33,7.900393e-03,1
977,0.2258,16,41,9.511459e-03,1
978,0.2542,17,43,6.338004e-03,1
979,0.2529,16,38,6.740282e-03,1
980,0.1860,14,38,8.762275e-03,1
981,0.2029,15,36,8.132498e-03,1
982,0.2035,15,32,7.927475e-03,1
983,0.2046,15,37,4.057874e-03,1
984,0.2011,15,36,8.342048e-03,1
985,0.2286,16,39,7.095977e-03,1
986,0.1865,14,34,7.728140e-03,1
987,0.1904,10,24,7.838338e-03,1
988,0.1876,14,32,6.009476e-03,1
989,0.2146,15,36,5.441083e-03,1
990,0.1877,14,34,6.134043e-03,1
991,0.2007,15,39,4.723841e-03,1
992,0.2291,16,38,9.518675e-03,1
993,0.1861,14,34,9.061419e-03,1
994,0.2019,15,40,4.169313e-03,1
995,0.2216,16,43,6.609584e-03,1
996,0.2315,16,38,4.854719e-03,1
997,0.1812,13,34,6.079728e-03,1
998,0.2000,13,31,8.667113e-03,1
999,0.2544,17,43,6.815912e-03,1
