update,itr,per_solved
0,0,19.4831
1,100,21.6704
2,200,19.8138
3,300,20.5189
4,400,21.4928
5,500,22.0336
6,600,25.9997
7,700,25.4257
8,800,26.5795
9,900,26.2304
10,1000,26.4399
11,1100,26.1614
12,1200,25.5789
13,1300,26.5780
14,1400,27.5005
15,1500,29.5785
16,1600,30.2093
17,1700,30.7785
18,1800,28.0008
19,1900,30.9189
20,2000,29.3806
21,2100,26.8926
22,2200,25.6564
23,2300,27.8862
24,2400,27.2213
25,2500,28.1330
26,2600,29.2606
27,2700,31.6946
28,2800,33.2334
29,2900,32.6510
30,3000,31.4427
31,3100,30.5734
32,3200,31.4964
33,3300,32.3402
34,3400,33.4525
35,3500,31.6858
36,3600,30.8147
37,3700,30.6343
38,3800,31.8750
39,3900,32.8926
40,4000,32.9273
41,4100,28.5196
42,4200,29.8095
43,4300,30.5374
44,4400,31.8612
45,4500,31.5284
46,4600,31.3321
47,4700,30.7286
48,4800,33.7502
49,4900,33.9060
50,5000,30.5495
51,5100,30.6157
52,5200,30.2880
53,5300,28.0510
54,5400,33.5434
55,5500,33.9404
56,5600,31.1667
57,5700,31.1130
58,5800,34.8375
59,5900,32.5105
60,6000,31.7410
61,6100,32.8494
62,6200,31.8456
63,6300,32.7993
64,6400,32.7640
65,6500,33.3331
66,6600,33.5238
67,6700,33.2276
68,6800,28.8416
69,6900,33.3685
70,7000,34.5395
71,7100,32.3649
72,7200,34.3835
73,7300,33.3597
74,7400,36.3280
75,7500,32.1606
76,7600,33.1762
77,7700,30.4298
78,7800,30.9168
79,7900,32.6728
80,8000,32.6245
81,8100,31.9554
82,8200,33.2980
83,8300,34.2590
84,8400,32.5947
85,8500,34.8954
86,8600,33.0960
87,8700,36.1005
88,8800,33.4016
89,8900,33.2238
90,9000,32.6304
91,9100,34.6508
92,9200,33.0638
93,9300,32.2485
94,9400,33.0126
95,9500,36.5959
96,9600,34.2679
97,9700,32.9800
98,9800,36.2310
99,9900,33.6961
100,10000,34.6598
101,10100,32.3651
102,10200,34.9870
103,10300,32.6075
104,10400,34.4019
105,10500,32.7124
106,10600,36.0585
107,10700,34.0102
108,10800,34.8376
109,10900,36.2609
110,11000,35.2554
111,11100,33.9574
112,11200,33.7226
113,11300,35.5055
114,11400,36.2788
115,11500,39.2658
116,11600,37.4239
117,11700,38.1533
118,11800,36.5201
119,11900,34.8303
120,12000,35.9156
121,12100,35.9964
122,12200,34.1163
123,12300,34.0746
124,12400,34.3296
125,12500,32.4549
126,12600,35.1007
127,12700,34.5520
128,12800,35.6108
129,12900,32.6775
130,13000,36.2241
131,13100,33.2481
132,13200,37.0185
133,13300,36.6858
134,13400,37.3491
135,13500,34.6377
136,13600,36.5648
137,13700,36.5724
138,13800,38.3979
139,13900,37.5713
140,14000,35.1038
141,14100,36.2212
142,14200,33.8445
143,14300,35.8133
144,14400,38.5034
145,14500,34.5727
146,14600,35.8380
147,14700,36.9111
148,14800,36.1137
149,14900,36.7664
150,15000,37.1575
151,15100,34.1942
152,15200,34.8372
153,15300,36.3258
154,15400,36.5309
155,15500,37.3603
156,15600,35.2587
157,15700,34.7893
158,15800,38.0401
159,15900,37.2570
160,16000,31.8379
161,16100,33.8602
162,16200,31.8921
163,16300,29.6955
164,16400,32.3162
165,16500,33.8682
166,16600,38.7848
167,16700,33.0636
168,16800,35.9104
169,16900,34.7955
170,17000,36.0517
171,17100,35.1380
172,17200,36.3292
173,17300,36.1203
174,17400,35.4042
175,17500,39.4920
176,17600,36.1610
177,17700,35.2009
178,17800,35.1630
179,17900,32.2749
180,18000,31.3291
181,18100,31.6561
182,18200,34.9096
183,18300,33.3920
184,18400,35.5537
185,18500,36.1659
186,18600,37.6005
187,18700,37.6605
188,18800,34.8739
189,18900,34.5011
190,19000,33.6306
191,19100,34.2456
192,19200,36.4821
193,19300,34.1078
194,19400,36.0567
195,19500,35.4903
196,19600,37.0228
197,19700,37.2111
198,19800,34.0509
199,19900,34.2507
200,20000,36.2230
201,20100,36.3956
202,20200,37.0955
203,20300,33.5961
204,20400,31.8386
205,20500,34.2432
206,20600,34.8177
207,20700,32.2591
208,20800,33.6502
209,20900,36.5472
210,21000,37.9835
211,21100,36.7675
212,21200,38.5156
213,21300,35.9996
214,21400,37.5235
215,21500,37.1764
216,21600,38.5125
217,21700,36.6515
218,21800,32.3770
219,21900,34.3285
220,22000,32.0137
221,22100,32.5233
222,22200,32.7711
223,22300,34.6741
224,22400,37.1375
225,22500,37.4275
226,22600,32.3172
227,22700,37.7195
228,22800,38.5732
229,22900,37.1435
230,23000,37.0528
231,23100,38.5712
232,23200,36.1726
233,23300,34.9239
234,23400,35.3982
235,23500,36.4964
236,23600,35.8490
237,23700,36.2890
238,23800,36.4657
239,23900,35.8831
240,24000,37.2115
241,24100,36.1390
242,24200,36.8855
243,24300,38.0315
244,24400,37.5504
245,24500,38.4865
246,24600,35.7178
247,24700,36.3494
248,24800,36.3122
249,24900,38.6498
250,25000,35.2679
251,25100,35.1653
252,25200,35.7215
253,25300,34.9470
254,25400,36.4177
255,25500,37.6002
256,25600,35.3028
257,25700,36.2347
258,25800,36.9063
259,25900,36.8641
260,26000,40.0489
261,26100,34.5997
262,26200,36.5353
263,26300,38.1739
264,26400,34.3103
265,26500,37.3930
266,26600,36.2537
267,26700,38.3164
268,26800,39.1586
269,26900,38.9599
270,27000,38.2582
271,27100,40.3401
272,27200,39.3081
273,27300,39.9534
274,27400,40.2082
275,27500,33.0105
276,27600,34.1549
277,27700,33.2101
278,27800,32.4357
279,27900,33.5986
280,28000,36.4264
281,28100,34.9947
282,28200,38.4903
283,28300,39.5977
284,28400,37.5229
285,28500,38.7141
286,28600,37.8833
287,28700,37.9641
288,28800,38.4479
289,28900,36.8743
290,29000,39.7221
291,29100,38.5754
292,29200,36.7026
293,29300,36.6216
294,29400,37.3417
295,29500,37.0861
296,29600,39.9979
297,29700,37.6481
298,29800,36.7700
299,29900,39.3449
300,30000,37.6173
301,30100,35.4901
302,30200,35.9741
303,30300,36.7496
304,30400,36.3167
305,30500,36.7110
306,30600,34.8053
307,30700,36.7505
308,30800,37.2762
309,30900,38.0983
310,31000,38.7303
311,31100,38.2758
312,31200,36.9971
313,31300,42.0068
314,31400,38.8963
315,31500,40.6979
316,31600,38.8336
317,31700,39.4695
318,31800,39.7584
319,31900,36.0363
320,32000,35.3273
321,32100,35.8869
322,32200,35.2205
323,32300,34.1889
324,32400,38.8028
325,32500,38.3120
326,32600,34.2098
327,32700,40.3422
328,32800,36.2645
329,32900,38.5914
330,33000,43.2972
331,33100,41.3645
332,33200,39.7897
333,33300,39.8155
334,33400,38.8159
335,33500,41.3164
336,33600,41.2435
337,33700,40.1947
338,33800,38.2511
339,33900,41.9221
340,34000,40.0769
341,34100,40.3249
342,34200,41.5083
343,34300,39.5916
344,34400,39.7903
345,34500,38.7219
346,34600,36.2829
347,34700,37.6814
348,34800,39.0213
349,34900,39.6690
350,35000,35.9412
351,35100,36.5249
352,35200,38.5880
353,35300,38.9646
354,35400,38.7600
355,35500,40.8548
356,35600,40.2413
357,35700,40.4730
358,35800,39.0621
359,35900,39.0661
360,36000,37.3154
361,36100,40.7296
362,36200,42.4347
363,36300,39.0738
364,36400,40.1449
365,36500,38.1539
366,36600,40.3869
367,36700,38.5214
368,36800,34.8538
369,36900,37.9886
370,37000,36.5968
371,37100,36.3764
372,37200,38.9788
373,37300,39.8321
374,37400,39.0486
375,37500,38.2996
376,37600,38.9370
377,37700,40.4131
378,37800,41.6620
379,37900,39.2682
380,38000,38.5302
381,38100,37.4444
382,38200,39.8299
383,38300,42.7664
384,38400,41.0709
385,38500,42.8017
386,38600,39.5849
387,38700,36.0054
388,38800,39.8136
389,38900,37.2657
390,39000,41.0746
391,39100,37.3141
392,39200,38.0951
393,39300,38.5090
394,39400,37.8366
395,39500,40.8331
396,39600,39.1542
397,39700,38.6300
398,39800,40.4896
399,39900,41.8933
400,40000,42.4180
401,40100,41.2244
402,40200,40.9062
403,40300,41.3227
404,40400,37.8412
405,40500,36.6381
406,40600,38.5057
407,40700,37.3141
408,40800,39.1747
409,40900,40.7455
410,41000,40.5124
411,41100,40.3684
412,41200,42.9270
413,41300,40.2740
414,41400,41.7343
415,41500,42.2778
416,41600,39.1108
417,41700,42.1435
418,41800,39.4974
419,41900,37.9849
420,42000,41.2407
421,42100,40.5600
422,42200,36.1783
423,42300,39.0985
424,42400,37.2058
425,42500,42.2815
426,42600,39.8428
427,42700,37.9679
428,42800,40.2194
429,42900,41.8640
430,43000,40.0841
431,43100,38.6420
432,43200,40.5294
433,43300,41.2307
434,43400,39.1975
435,43500,42.9640
436,43600,41.3787
437,43700,40.1330
438,43800,37.9758
439,43900,38.8127
440,44000,39.2974
441,44100,42.5206
442,44200,36.2641
443,44300,39.2360
444,44400,38.7320
445,44500,44.1955
446,44600,41.7881
447,44700,41.2485
448,44800,43.0203
449,44900,43.2962
450,45000,41.5661
451,45100,39.0739
452,45200,42.8026
453,45300,39.9798
454,45400,39.0384
455,45500,39.9078
456,45600,42.6000
457,45700,40.2430
458,45800,43.2293
459,45900,40.7977
460,46000,38.7563
461,46100,42.2546
462,46200,40.8533
463,46300,42.8952
464,46400,39.9670
465,46500,38.7611
466,46600,40.5712
467,46700,39.9897
468,46800,38.6821
469,46900,40.0637
470,47000,37.2879
471,47100,38.8578
472,47200,39.9673
473,47300,42.1883
474,47400,41.2240
475,47500,38.4560
476,47600,42.5259
477,47700,40.6448
478,47800,38.8881
479,47900,42.7634
480,48000,41.0378
481,48100,38.9681
482,48200,41.2932
483,48300,37.6102
484,48400,39.2382
485,48500,39.7299
486,48600,41.1671
487,48700,39.4246
488,48800,41.6161
489,48900,42.7693
490,49000,40.0950
491,49100,41.4161
492,49200,40.9423
493,49300,39.1033
494,49400,45.8156
495,49500,41.3234
496,49600,41.1309
497,49700,41.1711
498,49800,41.0884
499,49900,39.0554
500,50000,39.4821
501,50100,40.8111
502,50200,39.2484
503,50300,41.0952
504,50400,37.6821
505,50500,40.7499
506,50600,38.9876
507,50700,40.8857
508,50800,39.7236
509,50900,40.0067
510,51000,39.3530
511,51100,40.2691
512,51200,41.5179
513,51300,38.3342
514,51400,42.9537
515,51500,46.6474
516,51600,41.8367
517,51700,42.0186
518,51800,42.8860
519,51900,41.2652
520,52000,36.9897
521,52100,40.5945
522,52200,38.6631
523,52300,34.8190
524,52400,36.8859
525,52500,34.9601
526,52600,39.4261
527,52700,39.9087
528,52800,42.4637
529,52900,45.2948
530,53000,42.5345
531,53100,42.7964
532,53200,43.0125
533,53300,44.9719
534,53400,40.8643
535,53500,43.1727
536,53600,42.2849
537,53700,45.1187
538,53800,44.4109
539,53900,41.3806
540,54000,41.6523
541,54100,43.1462
542,54200,45.3697
543,54300,44.1680
544,54400,42.7076
545,54500,40.2252
546,54600,41.9094
547,54700,41.0309
548,54800,40.1189
549,54900,41.9500
550,55000,41.0724
551,55100,44.0008
552,55200,45.3947
553,55300,42.8935
554,55400,42.2855
555,55500,43.7211
556,55600,43.2727
557,55700,45.4959
558,55800,42.4998
559,55900,41.6779
560,56000,41.0956
561,56100,39.6879
562,56200,42.2416
563,56300,41.2913
564,56400,41.1043
565,56500,38.1311
566,56600,45.4575
567,56700,42.8197
568,56800,43.0784
569,56900,39.5899
570,57000,41.1964
571,57100,43.0522
572,57200,40.1763
573,57300,44.4876
574,57400,40.6770
575,57500,41.8588
576,57600,40.8571
577,57700,41.5487
578,57800,45.5133
579,57900,42.3193
580,58000,42.0983
581,58100,43.8640
582,58200,44.7931
583,58300,41.9112
584,58400,40.2727
585,58500,42.9415
586,58600,41.1221
587,58700,43.6578
588,58800,41.5866
589,58900,41.9612
590,59000,41.9124
591,59100,42.6236
592,59200,41.8575
593,59300,39.6545
594,59400,42.3270
595,59500,42.7522
596,59600,41.9273
597,59700,43.3816
598,59800,40.6348
599,59900,43.0491
600,60000,43.4913
601,60100,42.8450
602,60200,46.7978
603,60300,42.4685
604,60400,44.5315
605,60500,43.1530
606,60600,44.8615
607,60700,44.0675
608,60800,40.4371
609,60900,39.9210
610,61000,43.0681
611,61100,42.7198
612,61200,44.8935
613,61300,41.2844
614,61400,41.1940
615,61500,44.4291
616,61600,44.7583
617,61700,43.1878
618,61800,42.1596
619,61900,43.1200
620,62000,43.9659
621,62100,44.0237
622,62200,43.7371
623,62300,41.9617
624,62400,44.1619
625,62500,43.4869
626,62600,45.6470
627,62700,41.5550
628,62800,42.0293
629,62900,43.3886
630,63000,39.8319
631,63100,41.5596
632,63200,41.6435
633,63300,44.7093
634,63400,43.1480
635,63500,42.6124
636,63600,43.5388
637,63700,45.5241
638,63800,43.3681
639,63900,42.8294
640,64000,43.5264
641,64100,41.9448
642,64200,44.0107
643,64300,43.8153
644,64400,42.2242
645,64500,43.2662
646,64600,40.7705
647,64700,45.2764
648,64800,44.7333
649,64900,42.1584
650,65000,41.4323
651,65100,44.4656
652,65200,42.2947
653,65300,42.5099
654,65400,40.7329
655,65500,45.4426
656,65600,41.8166
657,65700,44.0819
658,65800,44.5685
659,65900,45.5579
660,66000,47.3159
661,66100,41.0054
662,66200,40.6285
663,66300,40.6586
664,66400,40.9769
665,66500,39.1281
666,66600,40.6759
667,66700,41.6360
668,66800,44.0056
669,66900,45.4392
670,67000,44.1446
671,67100,46.2800
672,67200,44.9903
673,67300,46.4844
674,67400,44.1335
675,67500,42.5943
676,67600,46.0544
677,67700,44.6355
678,67800,44.4815
679,67900,43.1154
680,68000,43.6477
681,68100,46.0945
682,68200,46.7375
683,68300,42.4803
684,68400,42.7056
685,68500,45.6022
686,68600,41.3834
687,68700,41.8393
688,68800,45.0090
689,68900,44.0964
690,69000,44.2431
691,69100,42.9561
692,69200,44.7629
693,69300,46.1708
694,69400,42.9667
695,69500,40.2337
696,69600,46.3738
697,69700,41.3340
698,69800,41.3874
699,69900,41.8400
700,70000,42.6874
701,70100,41.7070
702,70200,42.1503
703,70300,42.8339
704,70400,45.1573
705,70500,45.1640
706,70600,44.8793
707,70700,45.2161
708,70800,46.4364
709,70900,46.1377
710,71000,46.4492
711,71100,46.6473
712,71200,43.5779
713,71300,45.1655
714,71400,45.6280
715,71500,45.5871
716,71600,45.0207
717,71700,43.0159
718,71800,41.8960
719,71900,42.9876
720,72000,43.1504
721,72100,44.7600
722,72200,43.4101
723,72300,43.3097
724,72400,44.1264
725,72500,43.0938
726,72600,44.1651
727,72700,42.3769
728,72800,46.0560
729,72900,45.0643
730,73000,45.3077
731,73100,43.1778
732,73200,46.0550
733,73300,42.4016
734,73400,42.4772
735,73500,44.5909
736,73600,44.0467
737,73700,43.2102
738,73800,44.0204
739,73900,47.1698
740,74000,48.5858
741,74100,45.1391
742,74200,43.7766
743,74300,47.6833
744,74400,45.1595
745,74500,43.4432
746,74600,45.1156
747,74700,44.8548
748,74800,44.7196
749,74900,45.1833
750,75000,43.8211
751,75100,45.7393
752,75200,42.5772
753,75300,41.5626
754,75400,44.3416
755,75500,43.6146
756,75600,42.0377
757,75700,46.5902
758,75800,45.1122
759,75900,44.7355
760,76000,43.7701
761,76100,46.2419
762,76200,45.5556
763,76300,46.0163
764,76400,46.4196
765,76500,46.1852
766,76600,45.8963
767,76700,44.1375
768,76800,43.1115
769,76900,43.6449
770,77000,44.5774
771,77100,45.0780
772,77200,48.2144
773,77300,41.5329
774,77400,44.5843
775,77500,46.5445
776,77600,43.9470
777,77700,44.1862
778,77800,46.0122
779,77900,42.8668
780,78000,44.6022
781,78100,41.8360
782,78200,46.1210
783,78300,43.3462
784,78400,42.9875
785,78500,45.3199
786,78600,44.4356
787,78700,43.9494
788,78800,45.0024
789,78900,41.1241
790,79000,43.8799
791,79100,43.1084
792,79200,41.4939
793,79300,41.3642
794,79400,43.0899
795,79500,44.5790
796,79600,44.7821
797,79700,43.5726
798,79800,44.9209
799,79900,46.8288
800,80000,47.3969
801,80100,45.3672
802,80200,44.1151
803,80300,44.6483
804,80400,43.7738
805,80500,42.6322
806,80600,46.7107
807,80700,42.7124
808,80800,42.4520
809,80900,43.3884
810,81000,43.7554
811,81100,46.3036
812,81200,42.4030
813,81300,45.8588
814,81400,48.5526
815,81500,46.3543
816,81600,46.4198
817,81700,45.7730
818,81800,42.3436
819,81900,45.3862
820,82000,46.3784
821,82100,45.7867
822,82200,44.9827
823,82300,45.9390
824,82400,43.8402
825,82500,46.8390
826,82600,47.4097
827,82700,44.7022
828,82800,42.5674
829,82900,46.1320
830,83000,45.8242
831,83100,48.5798
832,83200,46.0034
833,83300,46.5426
834,83400,45.9526
835,83500,47.2967
836,83600,45.3732
837,83700,43.4710
838,83800,44.5462
839,83900,43.3899
840,84000,44.7821
841,84100,41.7952
842,84200,43.9211
843,84300,45.2926
844,84400,45.0964
845,84500,42.9212
846,84600,43.0562
847,84700,43.5236
848,84800,44.9736
849,84900,44.3850
850,85000,47.0270
851,85100,47.8897
852,85200,45.7015
853,85300,45.0989
854,85400,45.5350
855,85500,47.0081
856,85600,46.1177
857,85700,47.8498
858,85800,46.2314
859,85900,43.9946
860,86000,45.0021
861,86100,40.4632
862,86200,45.1280
863,86300,45.0242
864,86400,49.4851
865,86500,47.2521
866,86600,45.9633
867,86700,45.1497
868,86800,48.1412
869,86900,50.0105
870,87000,49.0198
871,87100,48.3178
872,87200,47.6436
873,87300,42.5437
874,87400,42.7956
875,87500,47.3511
876,87600,43.7081
877,87700,44.2017
878,87800,43.1860
879,87900,45.1643
880,88000,42.2851
881,88100,45.0954
882,88200,42.9781
883,88300,45.3446
884,88400,43.7624
885,88500,45.0231
886,88600,47.7748
887,88700,45.3623
888,88800,44.7466
889,88900,45.2087
890,89000,43.7430
891,89100,46.5402
892,89200,44.6392
893,89300,45.2222
894,89400,43.5283
895,89500,42.9635
896,89600,44.8701
897,89700,45.8207
898,89800,45.1225
899,89900,45.4820
900,90000,46.1216
901,90100,45.8780
902,90200,45.6450
903,90300,44.8308
904,90400,44.2411
905,90500,47.4011
906,90600,44.2903
907,90700,48.5961
908,90800,44.7821
909,90900,46.8456
910,91000,44.7963
911,91100,46.3496
912,91200,47.1447
913,91300,48.1166
914,91400,45.1156
915,91500,45.8761
916,91600,48.2102
917,91700,45.3585
918,91800,46.6982
919,91900,44.3266
920,92000,45.8292
921,92100,47.1467
922,92200,47.0275
923,92300,45.7583
924,92400,46.3226
925,92500,48.2738
926,92600,44.3479
927,92700,46.0220
928,92800,45.5641
929,92900,45.1529
930,93000,45.5688
931,93100,44.9231
932,93200,47.6992
933,93300,46.0142
934,93400,45.5033
935,93500,47.2246
936,93600,47.7058
937,93700,44.1230
938,93800,44.4774
939,93900,47.1272
940,94000,46.1951
941,94100,45.5887
942,94200,48.9784
943,94300,45.8958
944,94400,42.5316
945,94500,46.6072
946,94600,43.0893
947,94700,41.6443
948,94800,43.5918
949,94900,46.4231
950,95000,44.5589
951,95100,45.5875
952,95200,44.5185
953,95300,46.8590
954,95400,46.9393
955,95500,45.7039
956,95600,48.1026
957,95700,47.2317
958,95800,44.4039
959,95900,46.3905
960,96000,47.6647
961,96100,44.7697
962,96200,44.6560
963,96300,44.4634
964,96400,47.2707
965,96500,46.6910
966,96600,42.6047
967,96700,47.5757
968,96800,45.1739
969,96900,45.7287
970,97000,45.1838
971,97100,43.4298
972,97200,50.0245
973,97300,43.7988
974,97400,44.8341
975,97500,45.7108
976,97600,47.1956
977,97700,46.3143
978,97800,46.8904
979,97900,49.0293
980,98000,45.7961
981,98100,46.0350
982,98200,46.9951
983,98300,47.9267
984,98400,44.0985
985,98500,44.4226
986,98600,44.5731
987,98700,41.3143
988,98800,44.8703
989,98900,45.2447
990,99000,45.3744
991,99100,44.5626
992,99200,47.0554
993,99300,45.5563
994,99400,47.8545
995,99500,46.8932
996,99600,46.8351
997,99700,47.6678
998,99800,48.2398
999,99900,49.4388
1000,100000,45.8578
1001,100100,46.1633
1002,100200,46.3088
1003,100300,46.2780
1004,100400,46.0699
1005,100500,46.3917
1006,100600,46.2281
1007,100700,47.5010
1008,100800,47.7293
1009,100900,47.4979
1010,101000,46.8251
1011,101100,51.3339
1012,101200,51.8093
1013,101300,49.7372
1014,101400,49.0889
1015,101500,49.2886
1016,101600,48.6130
1017,101700,50.4622
1018,101800,47.3031
1019,101900,47.9809
1020,102000,47.2628
1021,102100,46.8846
1022,102200,47.2886
1023,102300,50.5104
1024,102400,47.9146
1025,102500,48.3189
1026,102600,48.4330
1027,102700,47.7310
1028,102800,45.6601
1029,102900,44.1296
1030,103000,47.5932
1031,103100,45.7733
1032,103200,45.2678
1033,103300,47.0665
1034,103400,45.3063
1035,103500,48.4185
1036,103600,47.0851
1037,103700,46.9552
1038,103800,49.1071
1039,103900,47.3675
1040,104000,49.3539
1041,104100,47.7221
1042,104200,51.0223
1043,104300,50.1909
1044,104400,48.7725
1045,104500,49.3792
1046,104600,47.2630
1047,104700,48.5274
1048,104800,46.6765
1049,104900,45.8806
1050,105000,46.1253
1051,105100,47.1355
1052,105200,45.3318
1053,105300,46.6658
1054,105400,42.2586
1055,105500,48.1093
1056,105600,46.0164
1057,105700,46.3873
1058,105800,45.5139
1059,105900,46.8063
1060,106000,48.5721
1061,106100,49.6036
1062,106200,49.9449
1063,106300,48.1511
1064,106400,47.0171
1065,106500,49.0408
1066,106600,46.7782
1067,106700,47.8418
1068,106800,49.2012
1069,106900,46.4859
1070,107000,47.8857
1071,107100,50.9230
1072,107200,46.0112
1073,107300,48.0556
1074,107400,48.7182
1075,107500,45.1374
1076,107600,45.9197
1077,107700,46.0676
1078,107800,46.4616
1079,107900,44.0329
1080,108000,44.9070
1081,108100,46.9552
1082,108200,47.4434
1083,108300,51.9202
1084,108400,46.5604
1085,108500,50.1372
1086,108600,48.4756
1087,108700,48.6405
1088,108800,47.0623
1089,108900,49.3447
1090,109000,47.9505
1091,109100,50.0461
1092,109200,47.7184
1093,109300,45.0535
1094,109400,50.6259
1095,109500,47.1014
1096,109600,48.5716
1097,109700,49.6903
1098,109800,48.5618
1099,109900,47.9550
1100,110000,47.7616
1101,110100,48.3507
1102,110200,50.3019
1103,110300,51.7678
1104,110400,48.5773
1105,110500,48.1203
1106,110600,48.9892
1107,110700,49.7225
1108,110800,44.3529
1109,110900,45.6134
1110,111000,45.4296
1111,111100,48.2723
1112,111200,48.6198
1113,111300,49.4127
1114,111400,44.8475
1115,111500,47.9810
1116,111600,47.6387
1117,111700,49.2591
1118,111800,49.0520
1119,111900,46.4640
1120,112000,49.1607
1121,112100,48.4886
1122,112200,51.1639
1123,112300,47.5113
1124,112400,48.3947
1125,112500,47.9119
1126,112600,47.1030
1127,112700,47.7531
1128,112800,49.8513
1129,112900,49.4341
1130,113000,49.0849
1131,113100,46.5989
1132,113200,48.7721
1133,113300,48.7009
1134,113400,46.9978
1135,113500,49.6764
1136,113600,50.1088
1137,113700,45.0170
1138,113800,48.6178
1139,113900,47.4343
1140,114000,49.3869
1141,114100,44.7518
1142,114200,46.1973
1143,114300,46.7036
1144,114400,46.2763
1145,114500,48.4702
1146,114600,47.1774
1147,114700,47.0814
1148,114800,50.2630
1149,114900,48.3128
1150,115000,48.7595
1151,115100,50.6503
1152,115200,52.3172
1153,115300,49.9622
1154,115400,47.7032
1155,115500,49.6030
1156,115600,48.2429
1157,115700,48.3143
1158,115800,50.2684
1159,115900,46.7470
1160,116000,48.0974
1161,116100,48.4038
1162,116200,48.1532
1163,116300,50.4447
1164,116400,52.5575
1165,116500,49.9341
1166,116600,49.1771
1167,116700,51.2957
1168,116800,53.7668
1169,116900,51.1264
1170,117000,49.7502
1171,117100,50.3167
1172,117200,50.9448
1173,117300,51.5458
1174,117400,49.1366
1175,117500,49.2463
1176,117600,47.7157
1177,117700,45.9351
1178,117800,47.3091
1179,117900,48.5973
1180,118000,50.6148
1181,118100,49.6958
1182,118200,46.6949
1183,118300,51.3093
1184,118400,46.7847
1185,118500,49.0202
1186,118600,47.3356
1187,118700,49.2213
1188,118800,47.7309
1189,118900,50.2696
1190,119000,48.7837
1191,119100,48.8601
1192,119200,50.9069
1193,119300,48.5903
1194,119400,48.5644
1195,119500,47.9409
1196,119600,49.5283
1197,119700,47.5475
1198,119800,46.5348
1199,119900,46.2068
1200,120000,47.7060
1201,120100,49.3564
1202,120200,47.8872
1203,120300,48.5253
1204,120400,46.2761
1205,120500,45.3097
1206,120600,45.2601
1207,120700,47.8722
1208,120800,48.6379
1209,120900,46.1621
1210,121000,47.9873
1211,121100,48.8477
1212,121200,49.3199
1213,121300,46.0233
1214,121400,49.9725
1215,121500,46.5069
1216,121600,49.0899
1217,121700,50.6103
1218,121800,48.8653
1219,121900,50.1951
1220,122000,49.3989
1221,122100,50.1411
1222,122200,49.1446
1223,122300,49.7893
1224,122400,49.0560
1225,122500,46.0531
1226,122600,51.0119
1227,122700,50.6029
1228,122800,49.3526
1229,122900,52.1659
1230,123000,48.4475
1231,123100,51.0847
1232,123200,48.9619
1233,123300,51.2326
1234,123400,48.3861
1235,123500,49.2916
1236,123600,50.0473
1237,123700,50.8467
1238,123800,50.2848
1239,123900,50.6411
1240,124000,46.7989
1241,124100,50.3232
1242,124200,46.4195
1243,124300,49.1503
1244,124400,48.0832
1245,124500,48.5658
1246,124600,51.5612
1247,124700,50.8945
1248,124800,49.0090
1249,124900,48.6137
1250,125000,49.0253
1251,125100,50.0633
1252,125200,46.8579
1253,125300,52.7139
1254,125400,49.1549
1255,125500,47.9801
1256,125600,46.9791
1257,125700,48.8045
1258,125800,46.8387
1259,125900,50.0427
1260,126000,46.2369
1261,126100,48.0643
1262,126200,50.1827
1263,126300,46.8096
1264,126400,49.4147
1265,126500,48.4979
1266,126600,52.2119
1267,126700,48.8042
1268,126800,51.0212
1269,126900,47.9890
1270,127000,48.7649
1271,127100,48.5320
1272,127200,48.8950
1273,127300,48.7490
1274,127400,49.7691
1275,127500,48.1541
1276,127600,49.9598
1277,127700,50.1484
1278,127800,50.5748
1279,127900,50.4530
1280,128000,49.8759
1281,128100,47.1820
1282,128200,47.6744
1283,128300,48.5977
1284,128400,46.8355
1285,128500,51.6407
1286,128600,50.8557
1287,128700,51.4057
1288,128800,48.0673
1289,128900,50.1097
1290,129000,49.2531
1291,129100,47.3878
1292,129200,49.7802
1293,129300,49.5104
1294,129400,49.7760
1295,129500,49.4128
1296,129600,49.4720
1297,129700,46.1254
1298,129800,46.5584
1299,129900,49.0311
1300,130000,49.3999
1301,130100,49.4475
1302,130200,49.6642
1303,130300,50.6579
1304,130400,49.6445
1305,130500,48.6450
1306,130600,48.5812
1307,130700,50.0451
1308,130800,50.7440
1309,130900,48.6317
1310,131000,47.0054
1311,131100,45.7381
1312,131200,49.8953
1313,131300,49.0766
1314,131400,49.3925
1315,131500,49.6039
1316,131600,47.4094
1317,131700,51.4365
1318,131800,49.4552
1319,131900,48.6777
1320,132000,46.8685
1321,132100,50.0020
1322,132200,48.5967
1323,132300,50.0096
1324,132400,48.1295
1325,132500,49.3746
1326,132600,49.1435
1327,132700,51.0154
1328,132800,48.5801
1329,132900,46.8529
1330,133000,51.2820
1331,133100,46.7035
1332,133200,47.4718
1333,133300,45.8356
1334,133400,45.1126
1335,133500,47.7399
1336,133600,50.0238
1337,133700,48.2044
1338,133800,47.8371
1339,133900,45.2054
1340,134000,44.4312
1341,134100,47.2315
1342,134200,47.2383
1343,134300,47.8870
1344,134400,47.0353
1345,134500,46.8445
1346,134600,48.6673
1347,134700,47.1569
1348,134800,48.5539
1349,134900,48.3413
1350,135000,46.8502
1351,135100,49.0223
1352,135200,49.0619
1353,135300,49.1310
1354,135400,46.4158
1355,135500,49.6137
1356,135600,47.8834
1357,135700,49.8905
1358,135800,51.9382
1359,135900,49.2334
1360,136000,53.1184
1361,136100,51.8507
1362,136200,49.3818
1363,136300,50.6749
1364,136400,46.6179
1365,136500,48.4983
1366,136600,49.3570
1367,136700,49.7924
1368,136800,47.4087
1369,136900,48.9195
1370,137000,44.6133
1371,137100,49.6382
1372,137200,46.7549
1373,137300,49.9310
1374,137400,51.1742
1375,137500,48.7068
1376,137600,47.3629
1377,137700,50.9623
1378,137800,51.2407
1379,137900,52.3947
1380,138000,48.3896
1381,138100,49.5860
1382,138200,49.2049
1383,138300,48.4710
1384,138400,49.5219
1385,138500,49.6822
1386,138600,50.7545
1387,138700,51.6623
1388,138800,47.4754
1389,138900,49.0368
1390,139000,46.6293
1391,139100,47.0566
1392,139200,48.6587
1393,139300,48.5671
1394,139400,48.5472
1395,139500,48.9637
1396,139600,49.2493
1397,139700,50.4778
1398,139800,50.4436
1399,139900,47.7693
1400,140000,49.6870
1401,140100,48.5522
1402,140200,52.8019
1403,140300,50.7266
1404,140400,45.0443
1405,140500,50.5561
1406,140600,47.4709
1407,140700,50.2016
1408,140800,54.4863
1409,140900,50.5311
1410,141000,50.4457
1411,141100,50.2490
1412,141200,49.7857
1413,141300,48.1222
1414,141400,50.9755
1415,141500,48.3801
1416,141600,51.5008
1417,141700,47.9108
1418,141800,48.7930
1419,141900,51.4187
1420,142000,49.6659
1421,142100,51.9917
1422,142200,49.2794
1423,142300,49.2263
1424,142400,50.8981
1425,142500,50.9269
1426,142600,48.9081
1427,142700,48.2657
1428,142800,51.1339
1429,142900,47.4556
1430,143000,49.6847
1431,143100,51.2822
1432,143200,52.6673
1433,143300,51.2193
1434,143400,51.6073
1435,143500,50.1374
1436,143600,49.5391
1437,143700,49.2822
1438,143800,52.4412
1439,143900,53.3252
1440,144000,50.0642
1441,144100,49.2472
1442,144200,51.1591
1443,144300,51.7842
1444,144400,49.1128
1445,144500,50.2858
1446,144600,48.4915
1447,144700,50.3898
1448,144800,52.5408
1449,144900,49.1998
1450,145000,51.3261
1451,145100,50.3563
1452,145200,50.6728
1453,145300,51.1082
1454,145400,50.0639
1455,145500,51.1606
1456,145600,51.2065
1457,145700,50.5430
1458,145800,51.7519
1459,145900,51.1975
1460,146000,51.0154
1461,146100,51.2341
1462,146200,53.1023
1463,146300,51.1497
1464,146400,49.5947
1465,146500,48.6382
1466,146600,52.7392
1467,146700,51.3186
1468,146800,52.5191
1469,146900,50.8949
1470,147000,52.5684
1471,147100,53.8345
1472,147200,51.9145
1473,147300,49.9121
1474,147400,48.6805
1475,147500,50.3198
1476,147600,51.7359
1477,147700,48.6864
1478,147800,48.9575
1479,147900,51.1144
1480,148000,49.6270
1481,148100,50.4687
1482,148200,50.0909
1483,148300,49.7174
1484,148400,50.0871
1485,148500,47.4583
1486,148600,47.4649
1487,148700,51.1322
1488,148800,52.5897
1489,148900,49.8311
1490,149000,51.7802
1491,149100,50.8647
1492,149200,50.7682
1493,149300,51.3548
1494,149400,49.3990
1495,149500,50.0185
1496,149600,52.4505
1497,149700,51.4372
1498,149800,47.9633
1499,149900,50.7633
1500,150000,50.7884
1501,150100,50.3236
1502,150200,52.9835
1503,150300,50.4650
1504,150400,52.1052
1505,150500,50.6696
1506,150600,53.5773
1507,150700,49.4496
1508,150800,53.0397
1509,150900,51.2238
1510,151000,51.1733
1511,151100,52.7026
1512,151200,50.9851
1513,151300,51.0785
1514,151400,50.7099
1515,151500,50.2445
1516,151600,50.0495
1517,151700,52.1136
1518,151800,51.6602
1519,151900,52.4365
1520,152000,49.7647
1521,152100,49.9680
1522,152200,51.4188
1523,152300,48.6044
1524,152400,51.3683
1525,152500,48.1801
1526,152600,51.3955
1527,152700,51.8965
1528,152800,49.3289
1529,152900,53.0843
1530,153000,50.6651
1531,153100,52.8378
1532,153200,50.4005
1533,153300,52.1697
1534,153400,54.8727
1535,153500,55.6409
1536,153600,52.5139
1537,153700,53.4782
1538,153800,51.9731
1539,153900,50.1720
1540,154000,50.2904
1541,154100,51.4256
1542,154200,51.0393
1543,154300,49.7442
1544,154400,49.8749
1545,154500,53.5264
1546,154600,52.0420
1547,154700,48.9764
1548,154800,50.3561
1549,154900,53.1842
1550,155000,53.0250
1551,155100,50.9640
1552,155200,50.1651
1553,155300,51.9102
1554,155400,51.4549
1555,155500,50.7774
1556,155600,50.8731
1557,155700,50.8988
1558,155800,51.8392
1559,155900,48.1788
1560,156000,51.3095
1561,156100,51.9174
1562,156200,51.0228
1563,156300,50.2278
1564,156400,52.5282
1565,156500,47.5243
1566,156600,47.4426
1567,156700,50.7241
1568,156800,50.8582
1569,156900,49.5808
1570,157000,50.9202
1571,157100,49.9553
1572,157200,48.2719
1573,157300,50.9109
1574,157400,54.8532
1575,157500,50.9393
1576,157600,51.3703
1577,157700,51.2307
1578,157800,49.2041
1579,157900,50.5388
1580,158000,48.5458
1581,158100,48.7460
1582,158200,47.1008
1583,158300,51.8359
1584,158400,49.1545
1585,158500,48.6148
1586,158600,50.7096
1587,158700,51.4037
1588,158800,50.6990
1589,158900,51.0186
1590,159000,49.9217
1591,159100,52.2692
1592,159200,50.2325
1593,159300,52.6732
1594,159400,50.3037
1595,159500,49.6531
1596,159600,53.5695
1597,159700,50.4756
1598,159800,51.5962
1599,159900,50.8132
1600,160000,51.2111
1601,160100,49.2239
1602,160200,54.4478
1603,160300,49.5976
1604,160400,51.2431
1605,160500,51.1154
1606,160600,49.2721
1607,160700,49.5753
1608,160800,50.8982
1609,160900,50.0980
1610,161000,50.1058
1611,161100,48.3460
1612,161200,51.4457
1613,161300,52.2332
1614,161400,51.3256
1615,161500,51.4719
1616,161600,50.4955
1617,161700,51.1008
1618,161800,49.8198
1619,161900,49.6653
1620,162000,48.8286
1621,162100,51.5690
1622,162200,48.7918
1623,162300,51.9102
1624,162400,47.5819
1625,162500,49.3291
1626,162600,48.9980
1627,162700,50.2296
1628,162800,50.4653
1629,162900,50.4996
1630,163000,51.0923
1631,163100,51.0534
1632,163200,51.2083
1633,163300,50.7500
1634,163400,49.1800
1635,163500,50.0794
1636,163600,50.1234
1637,163700,53.2648
1638,163800,48.4962
1639,163900,53.0132
1640,164000,51.6991
1641,164100,51.5092
1642,164200,51.4155
1643,164300,49.9801
1644,164400,52.4385
1645,164500,52.9841
1646,164600,57.0612
1647,164700,53.1105
1648,164800,51.0853
1649,164900,47.4664
1650,165000,51.3196
1651,165100,51.9267
1652,165200,50.1646
1653,165300,50.6250
1654,165400,49.4635
1655,165500,51.6396
1656,165600,50.8043
1657,165700,49.7361
1658,165800,46.4443
1659,165900,51.2916
1660,166000,52.0920
1661,166100,50.8737
1662,166200,49.1774
1663,166300,51.8103
1664,166400,53.1861
1665,166500,53.4012
1666,166600,51.1544
1667,166700,49.7713
1668,166800,52.1665
1669,166900,51.9956
1670,167000,53.6243
1671,167100,53.7872
1672,167200,47.6783
1673,167300,50.5257
1674,167400,49.1846
1675,167500,49.3238
1676,167600,52.3251
1677,167700,50.4265
1678,167800,50.5940
1679,167900,51.5796
1680,168000,49.2748
1681,168100,48.4417
1682,168200,53.4597
1683,168300,49.7368
1684,168400,52.4726
1685,168500,51.3433
1686,168600,52.4291
1687,168700,51.7661
1688,168800,47.5511
1689,168900,48.6016
1690,169000,49.8984
1691,169100,49.5270
1692,169200,52.3777
1693,169300,50.3945
1694,169400,50.1078
1695,169500,50.2850
1696,169600,51.5090
1697,169700,49.9212
1698,169800,50.9986
1699,169900,51.1905
1700,170000,50.4321
1701,170100,52.9185
1702,170200,51.1107
1703,170300,54.1142
1704,170400,53.3400
1705,170500,51.7206
1706,170600,52.6979
1707,170700,51.5971
1708,170800,52.1988
1709,170900,47.1734
1710,171000,52.8475
1711,171100,49.5649
1712,171200,52.0641
1713,171300,53.1888
1714,171400,48.6967
1715,171500,54.2258
1716,171600,49.5225
1717,171700,52.4527
1718,171800,53.5884
1719,171900,50.9804
1720,172000,53.7605
1721,172100,49.9620
1722,172200,52.0281
1723,172300,50.5527
1724,172400,49.5429
1725,172500,51.5653
1726,172600,52.0347
1727,172700,47.9467
1728,172800,51.9008
1729,172900,53.2538
1730,173000,52.9755
1731,173100,50.0504
1732,173200,50.5001
1733,173300,52.7664
1734,173400,54.9676
1735,173500,48.6266
1736,173600,47.8688
1737,173700,50.9158
1738,173800,50.6861
1739,173900,52.3431
1740,174000,46.8704
1741,174100,50.2532
1742,174200,50.4641
1743,174300,51.6470
1744,174400,52.2413
1745,174500,53.1876
1746,174600,52.0601
1747,174700,48.1679
1748,174800,49.7969
1749,174900,49.6477
1750,175000,51.7906
1751,175100,53.0952
1752,175200,53.4475
1753,175300,50.1429
1754,175400,51.8512
1755,175500,53.0404
1756,175600,52.3399
1757,175700,53.0137
1758,175800,51.6276
1759,175900,54.0431
1760,176000,52.8769
1761,176100,52.7666
1762,176200,51.5200
1763,176300,49.0426
1764,176400,52.1010
1765,176500,51.3362
1766,176600,52.5868
1767,176700,51.0904
1768,176800,52.3635
1769,176900,51.6514
1770,177000,51.4200
1771,177100,51.9987
1772,177200,51.3819
1773,177300,51.5188
1774,177400,49.6940
1775,177500,52.8196
1776,177600,50.2641
1777,177700,52.0362
1778,177800,53.4028
1779,177900,48.8246
1780,178000,52.7105
1781,178100,52.0885
1782,178200,52.0269
1783,178300,52.8098
1784,178400,51.6916
1785,178500,52.4071
1786,178600,51.1315
1787,178700,54.3017
1788,178800,53.6533
1789,178900,50.7072
1790,179000,53.6284
1791,179100,48.1902
1792,179200,51.5381
1793,179300,51.2580
1794,179400,53.7218
1795,179500,56.7023
1796,179600,52.0106
1797,179700,53.3629
1798,179800,51.1750
1799,179900,53.7708
1800,180000,54.5624
1801,180100,53.1981
1802,180200,53.0658
1803,180300,55.6559
1804,180400,55.5694
1805,180500,52.1094
1806,180600,50.4783
1807,180700,51.6001
1808,180800,51.1930
1809,180900,52.3910
1810,181000,52.5807
1811,181100,53.9477
1812,181200,51.5705
1813,181300,51.3143
1814,181400,53.0421
1815,181500,50.2573
1816,181600,51.6205
1817,181700,49.2499
1818,181800,50.7322
1819,181900,51.7349
1820,182000,50.6243
1821,182100,52.9419
1822,182200,54.2495
1823,182300,53.7862
1824,182400,50.3059
1825,182500,52.0357
1826,182600,52.1951
1827,182700,51.5656
1828,182800,52.5469
1829,182900,50.9254
1830,183000,49.5057
1831,183100,52.0172
1832,183200,51.3490
1833,183300,49.5296
1834,183400,50.7048
1835,183500,53.4900
1836,183600,51.9156
1837,183700,52.6773
1838,183800,51.2277
1839,183900,53.8625
1840,184000,52.1234
1841,184100,51.0068
1842,184200,51.9442
1843,184300,53.1441
1844,184400,54.3001
1845,184500,52.8497
1846,184600,53.0821
1847,184700,51.5346
1848,184800,51.5617
1849,184900,53.8621
1850,185000,51.2823
1851,185100,50.2008
1852,185200,50.9960
1853,185300,53.1129
1854,185400,50.7487
1855,185500,53.9177
1856,185600,51.3785
1857,185700,53.2839
1858,185800,51.5748
1859,185900,51.4961
1860,186000,52.8090
1861,186100,52.8451
1862,186200,50.5496
1863,186300,55.8697
1864,186400,51.9414
1865,186500,53.0623
1866,186600,50.9412
1867,186700,52.8282
1868,186800,52.2131
1869,186900,52.6735
1870,187000,52.7777
1871,187100,55.4240
1872,187200,53.9856
1873,187300,54.0598
1874,187400,52.6201
1875,187500,54.0557
1876,187600,55.4028
1877,187700,52.9542
1878,187800,56.2953
1879,187900,51.4709
1880,188000,53.6818
1881,188100,50.4662
1882,188200,51.9882
1883,188300,53.5884
1884,188400,53.0786
1885,188500,55.6392
1886,188600,52.4761
1887,188700,51.2753
1888,188800,53.7676
1889,188900,52.6858
1890,189000,52.1813
1891,189100,51.7257
1892,189200,50.5074
1893,189300,49.6416
1894,189400,49.8484
1895,189500,50.8527
1896,189600,52.5648
1897,189700,52.2827
1898,189800,51.1509
1899,189900,48.6840
1900,190000,50.8758
1901,190100,50.9266
1902,190200,48.9376
1903,190300,50.5296
1904,190400,47.3856
1905,190500,52.2848
1906,190600,52.8339
1907,190700,52.4643
1908,190800,51.0191
1909,190900,53.2731
1910,191000,52.8560
1911,191100,48.0075
1912,191200,55.5929
1913,191300,52.1261
1914,191400,53.9031
1915,191500,54.1606
1916,191600,50.3261
1917,191700,49.6144
1918,191800,52.5770
1919,191900,50.5430
1920,192000,52.9749
1921,192100,50.0476
1922,192200,51.4849
1923,192300,53.4811
1924,192400,52.6693
1925,192500,48.6405
1926,192600,51.3550
1927,192700,51.7393
1928,192800,52.2107
1929,192900,51.3238
1930,193000,53.3133
1931,193100,54.8434
1932,193200,54.0582
1933,193300,51.6211
1934,193400,52.0109
1935,193500,51.3609
1936,193600,50.0635
1937,193700,51.4420
1938,193800,50.9938
1939,193900,52.4157
1940,194000,51.0903
1941,194100,52.1045
1942,194200,52.9136
1943,194300,50.8251
1944,194400,51.5730
1945,194500,49.2633
1946,194600,51.4505
1947,194700,54.6590
1948,194800,53.6867
1949,194900,51.7580
1950,195000,54.3386
1951,195100,52.5947
1952,195200,54.0726
1953,195300,52.8564
1954,195400,51.2231
1955,195500,52.7651
1956,195600,54.0890
1957,195700,50.8034
1958,195800,54.4801
1959,195900,54.2843
1960,196000,50.7807
1961,196100,52.6694
1962,196200,52.7005
1963,196300,54.4700
1964,196400,51.9225
1965,196500,52.5214
1966,196600,55.6262
1967,196700,55.1807
1968,196800,52.8309
1969,196900,51.5121
1970,197000,49.7483
1971,197100,53.9150
1972,197200,53.9661
1973,197300,52.1633
1974,197400,52.1653
1975,197500,51.8424
1976,197600,52.1373
1977,197700,56.0940
1978,197800,53.1563
1979,197900,51.4143
1980,198000,49.3630
1981,198100,52.3980
1982,198200,51.2549
1983,198300,52.1392
1984,198400,50.8520
1985,198500,52.3435
1986,198600,48.9569
1987,198700,49.9847
1988,198800,52.0234
1989,198900,50.5812
1990,199000,51.7325
1991,199100,51.9253
1992,199200,54.8098
1993,199300,52.2708
1994,199400,54.4746
1995,199500,54.0740
1996,199600,53.8082
1997,199700,52.6915
1998,199800,54.1942
1999,199900,50.5310
